Zip,City,Object-ID,Rent,Property Size,Rooms,Energy index,Energy class,Shortest rental period,Number of Floors,Max. Number of People,Car parking space,Available from,Vacant until,Final cleaning,Deposit, Energy Pass Type, Energy Pass valid until, Energy Consumption Parameter, Primary Energy Carrier, Energy Pass Year,Floor, Final Energy Requirement, Energy Consumption Parameter (Heating), Year of construction, Energieausweis-Art, Engergieausweis gültig bis, Energieverbrauchskennwert, Primärenergieträger, Energieausweis-Jahrgang, Endenergiebedarf
50931,Cologne,18416,"890 € per month (incl. VAT 5%), plus electricity, incl. heating","26,00 m2",1,98.45 kWh/m²a,C,3 Mon.,4,2,n/a,immediately,Not limited,Varies depending on effort,1-2 monthly rent,Consumption,13.05.2029,"98,45 kWh/(m²*a)",Gas,as from may 2014,,,,,,,,,,
50931,Cologne,18416,"890 € per month (incl. VAT 5%), plus electricity, incl. heating","26,00 m2",1,98.45 kWh/m²a,C,3 Mon.,4,2,n/a,immediately,Not limited,Varies depending on effort,1-2 monthly rent,Consumption,13.05.2029,"98,45 kWh/(m²*a)",Gas,as from may 2014,,,,,,,,,,
50931,Cologne,18414,"890 € per month (incl. VAT 5%), plus electricity, incl. heating","25,00 m2",1,98.45 kWh/m²a,C,3 Mon.,4,2,n/a,immediately,Not limited,Varies depending on effort,1-2 Monthly rent,Consumption,13.05.2029,"98,45 kWh/(m²*a)",Gas,as from may 2014,,,,,,,,,,
50672,Cologne,18856,"930 € per month, incl. electricity, incl. heating","28,00 m2",1,189.00 kWh/m²a,,3 Mon.,,2,n/a,20.10.2020,Not limited,Varies depending on effort,1-2 Monthly rents,Consumption,30.09.2021,"189,00 kWh/(m²*a)",Gas,before 2014,4,,,,,,,,,
50827,Cologne,18394,"1.650 € per month, incl. electricity, incl. heating","75,00 m2",3,211.00 kWh/m²a,,3 Mon.,,,yes,01.07.2021,Not limited,Varies depending on effort,2 Monthly rents,Demand,30.09.2020,,Gas,before 2014,2,"211,00 kWh/(m²*a)",,,,,,,,
53121,Bonn,18507,"990 € per month, plus electricity, incl. heating","35,00 m2",1,128.00 kWh/m²a,,3 Mon.,3,,n/a,immediately,Not limited,Varies depending on effort,2 Monthly rents,Consumption,30.09.2021,"128,00 kWh/(m²*a)",Gas,before 2014,Ground floor,,,,,,,,,
50674,Cologne,17460,"1.480 € per month, incl. electricity, incl. heating","55,00 m2",2,144.00 kWh/m²a,E,3 Mon.,,,n/a,01.11.2020,Not limited,Varies depending on effort,1 monthly rent,Consumption,30.09.2021,"144,00 kWh/(m²*a)",Gas,before 2014,3,,,,,,,,,
50674,Cologne,13003,"965 € per month, plus electricity, incl. heating","30,00 m2",1,159.00 kWh/m²a,,3 Mon.,,,n/a,01.11.2020,Not limited,Varies depending on effort,2 monthly rents,Consumption,30.09.2021,"159,00 kWh/(m²*a)",Gas,before 2014,4,,,,,,,,,
53175,Bonn,18567,"915 € per month, incl. electricity, incl. heating","37,00 m2",2,144.00 kWh/m²a,E,3 Mon.,,1,n/a,01.12.2020,Not limited,Varies depending on effort,1-2 Monthly rents,Demand,27.04.2029,,Gas,as from may 2014,Ground floor,"144,00 kWh/(m²*a)",,,,,,,,
53115,Bonn,81068,,"35,00 m2",1,,,3 Mon.,,,n/a,immediately,Not limited,Varies depending on effort,monthly rent 2,,,,,not required,Ground floor,,,,,,,,,
50735,Cologne,19172,"1.100 € per month, incl. electricity, incl. heating","34,00 m2",1,,E,3 Mon.,45,2,yes,immediately,Not limited,Varies depending on effort,1-2 Monthly rents,Consumption,13.05.2028,,Long-distance Heating,as from may 2014,34,,,,,,,,,
53227,Bonn,18518,"900 € per month, plus electricity, incl. heating","45,00 m2",1,88.00 kWh/m²a,C,3 Mon.,,2,yes,01.11.2020,Not limited,Varies depending on effort,1 Monatsmiete,Consumption,10.09.2028,"88,00 kWh/(m²*a)",Long-distance Heating,as from may 2014,Ground floor,,,,,,,,,
50259,Pulheim,15829,"1.100 € per month, plus electricity, incl. heating","68,00 m2",3,114.00 kWh/m²a,,3 Mon.,,,yes,01.11.2020,Not limited,Varies depending on effort,2 Monthly rents,Consumption,01.03.2018,"114,00 kWh/(m²*a)",Gas,before 2014,,,,,,,,,,
50672,Cologne,17526,"1.490 € per month, incl. electricity, incl. heating","44,00 m2",2,101.00 kWh/m²a,,6 Mon.,,,yes,immediately,Not limited,Varies depending on effort,1-2 Monthly rents,Demand,30.09.2021,,Long-distance Heating,before 2014,Ground floor,"101,00 kWh/(m²*a)",,,,,,,,
50672,Cologne,11561,"1.190 € per month (incl. VAT 5%), incl. electricity, incl. heating","26,00 m2",1,173.00 kWh/m²a,,2 Mon.,4,,n/a,immediately,Not limited,Varies depending on effort,1-2 Monthly rents,Consumption,15.02.2018,"173,00 kWh/(m²*a)",Long-distance Heating,before 2014,2,,,,,,,,,
53115,Bonn,17131,"1.800 € per month, incl. electricity, incl. heating","91,00 m2",2,142.00 kWh/m²a,,3 Mon.,3,,n/a,01.02.2021,Not limited,Varies depending on effort,1-2 Monthy rents,Demand,30.09.2021,,Gas,before 2014,,"142,00 kWh/(m²*a)",,,,,,,,
50672,Cologne,19170,"1.640 € per month, incl. electricity, incl. heating","48,00 m2",2,145.00 kWh/m²a,,3 Mon.,5,,n/a,immediately,Not limited,Varies depending on effort,1-2 monthly rents,Consumption,30.09.2021,"145,00 kWh/(m²*a)",Gas,before 2014,1,,,,,,,,,
50737,Cologne,17268,"720 € per month, plus electricity, incl. heating","23,00 m2",1,159.00 kWh/m²a,,3 Mon.,4,,yes,28.02.2021,Not limited,Varies depending on effort,2 Monthly rents,Consumption,30.09.2021,"159,00 kWh/(m²*a)",Gas,before 2014,2,,,,,,,,,
50672,Cologne,11555,"970 € per month (incl. VAT 5%), incl. electricity, incl. heating","23,00 m2",1,173.00 kWh/m²a,,2 Mon.,4,,n/a,immediately,Not limited,Varies depending on effort,monthly rent 1-2,Consumption,30.09.2021,"173,00 kWh/(m²*a)",Long-distance Heating,before 2014,3,,,,,,,,,
53111,Bonn,18443,"990 € per month, incl. electricity, incl. heating","33,00 m2",2,,C,3 Mon.,,,n/a,immediately,Not limited,Varies depending on effort,2 Monthly rents,Consumption,04.11.2027,,,as from may 2014,1,,"84,59 kWh/(m²*a)",,,,,,,
51065,Cologne,18950,"1.350 € per month (incl. VAT 5%), plus electricity, incl. heating","44,00 m2",2,74.00 kWh/m²a,,3 Mon.,4,,yes,immediately,Not limited,Varies depending on effort,2 monthly rents,Demand,06.05.2024,,Gas,as from may 2014,1,"74,00 kWh/(m²*a)",,,,,,,,
51065,Cologne,18944,"1.150 € per month (incl. VAT 5%), plus electricity, incl. heating","33,00 m2",1,74.00 kWh/m²a,,3 Mon.,4,2,yes,immediately,Not limited,Varies depending on effort,2 monthly rents,Demand,06.05.2024,,Gas,as from may 2014,,"74,00 kWh/(m²*a)",,,,,,,,
53229,Bonn,13294,"590 € per month, plus electricity, plus heating","23,00 m2",1,199.00 kWh/m²a,,3 Mon.,2,,n/a,01.05.2021,Not limited,Varies depending on effort,1 monthly rent,Consumption,30.09.2021,"199,00 kWh/(m²*a)",Gas,before 2014,Ground floor,,,,,,,,,
50677,Cologne,18877,"1.050 € per month, plus electricity, incl. heating","45,00 m2",2,103.00 kWh/m²a,D,3 Mon.,5,1,yes,01.09.2021,Not limited,Varies depending on effort,2 Monthly rents,Consumption,30.09.2021,"103,00 kWh/(m²*a)",Long-distance Heating,before 2014,3,,,,,,,,,
50931,Cologne,18410,"1.190 € per month (incl. VAT 5%), plus electricity, incl. heating","35,00 m2",2,98.45 kWh/m²a,C,3 Mon.,4,,n/a,immediately,Not limited,Varies depending on effort,1-2 Monthly rent,Consumption,13.05.2029,"98,45 kWh/(m²*a)",Gas,as from may 2014,Ground floor,,,,,,,,,
45130,Essen,18490,"1.600 € per month, incl. electricity, incl. heating","50,00 m2",2,224.00 kWh/m²a,G,3 Mon.,4,,yes,15.10.2020,Not limited,Varies depending on effort,1 monthly rent,Consumption,30.09.2021,"224,00 kWh/(m²*a)",Long-distance Heating,before 2014,3,,,,,,,,,
50672,Cologne,11563,"1.290 € per month (incl. VAT 5%), incl. electricity, incl. heating","35,00 m2",1,173.00 kWh/m²a,,2 Mon.,4,,n/a,immediately,Not limited,Varies depending on effort,monthly rent 1-2,Consumption,30.09.2021,"173,00 kWh/(m²*a)",Long-distance Heating,before 2014,,,,,,,,,,
50859,Cologne,18864,"1.299 € per month, incl. electricity, incl. heating","52,00 m2",2,30.90 kWh/m²a,A,3 Mon.,5,,n/a,01.03.2021,Not limited,Varies depending on effort,1-2 Monthly Rents,Demand,17.05.2030,,Gas,as from may 2014,3,"30,90 kWh/(m²*a)",,,,,,,,
50679,Cologne,18863,"1.777 € per month, incl. electricity, incl. heating","62,00 m2",3,,,,4,,n/a,15.11.2020,Not limited,Varies depending on effort,1-2 Monthly rents,,,,,,2,,,,,,,,,
50823,Cologne,17781,"960 € per month, incl. electricity, plus heating","38,00 m2",1,283.00 kWh/m²a,,3 Mon.,31,2,n/a,immediately,Not limited,Varies depending on effort,1-2 Monthly rents,Consumption,30.09.2021,"283,00 kWh/(m²*a)",Long-distance Heating,before 2014,30,,,,,,,,,
50931,Cologne,18417,"890 € per month (incl. VAT 5%), plus electricity, incl. heating","22,00 m2",1,98.45 kWh/m²a,C,3 Mon.,4,,n/a,31.12.2020,Not limited,Varies depending on effort,1-2 Monthly rent,Consumption,13.05.2029,"98,45 kWh/(m²*a)",Gas,as from may 2014,2,,,,,,,,,
50679,Cologne,18857,"890 € per month, plus electricity, incl. heating","33,00 m2",1,167.80 kWh/m²a,,3 Mon.,,2,n/a,01.11.2020,Not limited,Varies depending on effort,1-2 Monthy rents,Consumption,29.04.2024,"167,80 kWh/(m²*a)",Gas,before 2014,,,,,,,,,,
53129,Bonn,18389,"1.080 € per month, plus electricity, incl. heating","65,00 m2",1,129.00 kWh/m²a,D,3 Mon.,3,,yes,01.01.2021,Not limited,,2 Monthly rents,Consumption,12.12.2027,"129,00 kWh/(m²*a)",Gas,as from may 2014,Ground floor,,,,,,,,,
50670,Cologne,18169,"945 € per month, plus electricity, incl. heating","35,00 m2",1,299.00 kWh/m²a,,3 Mon.,5,2,n/a,immediately,Not limited,Varies depending on effort,2 Monthly rents,Consumption,22.07.2029,"299,00 kWh/(m²*a)",Gas,as from may 2014,Ground floor,,,1935,,,,,,
50969,Cologne,18834,"950 € per month, incl. electricity, incl. heating","19,00 m2",1,156.00 kWh/m²a,E,3 Mon.,8,,n/a,immediately,Not limited,Varies depending on effort,1-2 Monthlys rents,Consumption,27.12.2027,"156,00 kWh/(m²*a)",Long-distance Heating,as from may 2014,6,,,,,,,,,
50931,Cologne,18412,"860 € per month (incl. VAT 5%), plus electricity, incl. heating","22,00 m2",1,98.45 kWh/m²a,C,3 Mon.,4,,n/a,31.12.2020,Not limited,Varies depending on effort,1-2 monthly rent,Consumption,13.05.2029,"98,45 kWh/(m²*a)",Gas,as from may 2014,Ground floor,,,,,,,,,
51149,Cologne,18574,"2.350 € per month, plus electricity, plus heating","110,00 m2",3,322.90 kWh/m²a,H,3 Mon.,2,4,n/a,immediately,Not limited,Varies depending on effort,2 Monthly rents,Demand,22.05.2027,,Gas,as from may 2014,,"322,90 kWh/(m²*a)",,,,,,,,
50679,Cologne / Deutz,18531,"1.350 € per month, incl. electricity, incl. heating","40,00 m2",2,,,3 Mon.,1,,yes,immediately,Not limited,Varies depending on effort,2 Monthly rents,,,,,not required,3,,,,,,,,,
51063,Cologne,18815,"1.190 € per month, plus electricity, incl. heating","43,00 m2",1,174.00 kWh/m²a,F,3 Mon.,6,3,n/a,immediately,Not limited,Varies depending on effort,1 Monthy rent,Consumption,04.06.2028,"174,00 kWh/(m²*a)",Gas,as from may 2014,2,,,,,,,,,
45130,Essen,18404,"690 € per month, incl. electricity, incl. heating","35,00 m2",1,131.00 kWh/m²a,,3 Mon.,7,,n/a,12.12.2020,Not limited,Varies depending on effort,1 monthly rent,Consumption,31.07.2019,"131,00 kWh/(m²*a)",Oil,before 2014,5,,,,,,,,,
53115,Bonn,14502,"915 € per month, plus electricity, incl. heating","35,00 m2",1,,,3 Mon.,,,n/a,immediately,Not limited,Varies depending on effort,monthly rent 2,,,,,not required,Ground floor,,,,,,,,,
50676,Cologne,15957,"2.508 € per month (incl. VAT 5%), incl. electricity, incl. heating","60,00 m2",2,95.00 kWh/m²a,,2 Mon.,,,n/a,immediately,Not limited,Varies depending on effort,2 Monthly rents,,,,,,4,,,,Consumption,30.09.2021,"95,00 kWh/(m²*a)",Gas,before 2014,
50733,Cologne,10179,"1.290 € per month, incl. electricity, incl. heating","50,00 m2",2,169.00 kWh/m²a,,3 Mon.,,3,n/a,immediately,Not limited,Varies depending on effort,1-2 Monthly rents,Consumption,30.09.2021,"169,00 kWh/(m²*a)",Gas,before 2014,1,,,,,,,,,
50823,Cologne,17395,"2.150 € per month, incl. electricity, incl. heating","95,00 m2",3,96.00 kWh/m²a,,3 Mon.,2,,yes,immediately,Not limited,Varies depending on effort,2 Monthly rents,Consumption,30.09.2021,"96,00 kWh/(m²*a)",Gas,before 2014,,,,,,,,,,
50676,Cologne,18582,"990 € per month (incl. VAT 5%), incl. electricity, incl. heating","26,00 m2",1,86.90 kWh/m²a,C,3 Monate Mon.,4,2,n/a,immediately,Not limited,Varies depending on effort,2 Monthly rents,Demand,12.09.2028,,Long-distance Heating,as from may 2014,,"86,90 kWh/(m²*a)",,,,,,,,
53424,Remagen / Birgel,18432,"2.650 € per month, incl. electricity, incl. heating","180,00 m2",7,124.40 kWh/m²a,D,3 Mon.,3,6,yes,01.11.2020,Not limited,Varies depending on effort,2 Monthly rents,Consumption,10.02.2029,"124,40 kWh/(m²*a)",Gas,as from may 2014,,,,,,,,,,
50827,Cologne,18275,"1.650 € per month, incl. electricity, incl. heating","75,00 m2",3,211.00 kWh/m²a,,3 Mon.,2,,yes,01.12.2020,Not limited,Varies depending on effort,2 Monthly rents,Demand,30.09.2020,,Gas,before 2014,1,"211,00 kWh/(m²*a)",,,,,,,,
50968,Cologne,99003,"2.695 € per month, plus electricity, incl. heating","99,00 m2",2,160.00 kWh/m²a,C,3 Mon.,,,yes,immediately,Not limited,Varies depending on effort,1-2 Monthly rents,,,,,,Ground floor,,,,Demand,30.09.2021,,Gas,before 2014,"160,00 kWh/(m²*a)"
45127,Essen,18227,"949 € per month (incl. VAT 5%), incl. electricity, incl. heating","30,00 m2",1,,,2 Mon.,10,2,yes,immediately,Not limited,Varies depending on effort,,,,,,,8,,,,,,,,,
50226,Frechen,17716,"2.300 € per month, plus electricity, plus heating","150,00 m2",3,128.00 kWh/m²a,D,3 Mon.,,4,yes,immediately,Not limited,Varies depending on effort,2 Monthly rents,,,,,,,,,,Demand,13.07.2026,,Gas,as from may 2014,"128,00 kWh/(m²*a)"
50825,Cologne,18806,"1.500 € per month, incl. electricity, incl. heating","58,00 m2",3,134.30 kWh/m²a,E,3 Mon.,,5,n/a,immediately,Not limited,Varies depending on effort,2 Monthly rents,Consumption,04.10.2028,"134,30 kWh/(m²*a)",Long-distance Heating,as from may 2014,,,,,,,,,,
45143,Essen / Altendorf,18790,"1.180 € per month, incl. electricity, incl. heating","78,00 m2",3,82.00 kWh/m²a,C,3 Mon.,4,,n/a,01.11.2020,Not limited,Varies depending on effort,1-2 Monthly rents,Demand,18.12.2027,,Gas,as from may 2014,Ground floor,"82,00 kWh/(m²*a)",,,,,,,,
50733,Cologne,11913,"1.190 € per month, plus electricity, incl. heating","29,00 m2",2,240.00 kWh/m²a,,3 Mon.,,,n/a,26.10.2020,Not limited,Varies depending on effort,1-2 Monthly rents,Consumption,30.09.2021,"240,00 kWh/(m²*a)",Gas,before 2014,,,,,,,,,,
50733,Cologne,11806,"1.190 € per month, incl. electricity, incl. heating","33,00 m2",1,206.00 kWh/m²a,,3 Mon.,,,n/a,immediately,Not limited,Varies depending on effort,monthly rent 2,Consumption,30.09.2021,"206,00 kWh/(m²*a)",Gas,before 2014,2,,,,,,,,,
51427,Bergisch Gladbach,13991,"940 € per month, incl. electricity, incl. heating","30,00 m2",1,211.00 kWh/m²a,,3 Mon.,3,,yes,01.11.2020,Not limited,,,Consumption,30.09.2021,"211,00 kWh/(m²*a)",Oil,before 2014,Ground floor,,,,,,,,,
51067,Cologne,16361,"1.000 € per month, plus electricity, incl. heating","65,00 m2",2,,,3 Mon.,,,n/a,immediately,Not limited,Varies depending on effort,1-2 monthly rent,,30.09.2021,,,before 2014,Ground floor,,,,,,,,,
53129,Bonn,17466,"990 € per month, plus electricity, incl. heating","52,00 m2",2,124.00 kWh/m²a,D,3 Mon.,3,4,n/a,immediately,Not limited,Varies depending on effort,2 monthly rent,Demand,30.09.2021,,Gas,before 2014,1,"124,00 kWh/(m²*a)",,,,,,,,
53113,Bonn,17529,"890 € per month, plus electricity, incl. heating","30,00 m2",1,97.00 kWh/m²a,,3 Mon.,3,,n/a,immediately,Not limited,Varies depending on effort,2 Monthly rents,Demand,30.09.2021,,Long-distance Heating,before 2014,2,"97,00 kWh/(m²*a)",,,,,,,,
50679,Cologne,15361,"800 € per month, incl. electricity, incl. heating","27,00 m2",1,234.00 kWh/m²a,,3 Mon.,,,n/a,immediately,Not limited,Varies depending on effort,1 Monthly rent,Consumption,30.09.2021,"234,00 kWh/(m²*a)",Gas,before 2014,2,,,,,,,,,
50939,Cologne,10977,"775 € per month, incl. electricity, incl. heating","42,00 m2",1,148.00 kWh/m²a,,3 Mon.,,,yes,01.11.2020,Not limited,Varies depending on effort,1-2 monthly rent,Demand,30.09.2021,,Long-distance Heating,before 2014,21,"148,00 kWh/(m²*a)",,,,,,,,
50735,Cologne,11860,"700 € per month, incl. electricity, incl. heating","32,00 m2",1,152.00 kWh/m²a,,3 Mon.,11,,n/a,15.11.2020,Not limited,Varies depending on effort,2 Monthly rents,Consumption,30.09.2021,"152,00 kWh/(m²*a)",Long-distance Heating,before 2014,9,,,,,,,,,
50670,Cologne,16391,"1.220 € per month (incl. VAT 5%), incl. electricity, incl. heating","54,00 m2",2,118.00 kWh/m²a,,2 Mon.,4,3,n/a,immediately,Not limited,,2 Monthly rents,Demand,30.09.2021,,Gas,before 2014,1,"118,00 kWh/(m²*a)",,1957,,,,,,
50999,Cologne,18836,"1.600 € per month, incl. electricity, incl. heating","84,00 m2",3,,C,3 Mon.,5,2,yes,01.11.2020,Not limited,,2 Monthly rents,Consumption,26.02.2026,,Gas,as from may 2014,1,,,1988,,,,,,
53227,Bonn,18440,"500 € per month, plus electricity, plus heating","26,00 m2",1,168.00 kWh/m²a,F,3 Mon.,2,,n/a,immediately,Not limited,Varies depending on effort,2 monthly rents,Demand,30.09.2021,,Gas,before 2014,Ground floor,"168,00 kWh/(m²*a)",,,,,,,,
53604,Bad Honnef,18246,"700 € per month, incl. electricity, incl. heating","35,00 m2",2,249.00 kWh/m²a,,6 Mon.,3,,yes,01.11.2020,Not limited,Varies depending on effort,2 Monthly rents,Consumption,14.04.2024,"249,00 kWh/(m²*a)",Gas,before 2014,1,,,,,,,,,
50670,Cologne,17179,"1.795 € per month, incl. electricity, incl. heating","70,00 m2",3,119.00 kWh/m²a,,3 Mon.,5,,yes,08.10.2020,Not limited,Varies depending on effort,2 Monthly rents,Consumption,30.09.2021,"119,00 kWh/(m²*a)",Gas,before 2014,,,,,,,,,,
53119,Bonn,10529,"550 € per month, plus electricity, plus heating","24,00 m2",1,,,3 Mon.,4,,n/a,01.11.2020,Not limited,Varies depending on effort,2 Monthly rents,,,,,not required,Ground floor,,,,,,,,,
51381,Leverkusen,16540,"790 € per month, plus electricity, plus heating","40,00 m2",1,117.00 kWh/m²a,,3 Monate Mon.,,,yes,01.11.2020,Not limited,Varies depending on effort,1-2MM,Demand,30.09.2021,,Gas,before 2014,Ground floor,"117,00 kWh/(m²*a)",,,,,,,,
51103,Cologne,18549,"850 € per month, incl. electricity, incl. heating","24,00 m2",1,172.56 kWh/m²a,F,3 Mon.,3,2,n/a,immediately,Not limited,Varies depending on effort,1-2 Monthly Rents,Consumption,23.04.2029,"172,56 kWh/(m²*a)",Gas,as from may 2014,,,,,,,,,,
53757,St.Augustin,12457,"375 € per month, incl. electricity, incl. heating","19,00 m2",1,,,6 Mon.,2,,n/a,01.11.2020,Not limited,Varies depending on effort,1-2 monthly rent,,30.09.2021,,,before 2014,Ground floor,,,,,,,,,
53111,Bonn,19178,"790 € per month, plus electricity, incl. heating","26,00 m2",1,,C,3 Mon.,4,,n/a,immediately,Not limited,Varies depending on effort,2 Monthly rents,Consumption,04.11.2027,,,as from may 2014,,,"84,59 kWh/(m²*a)",,,,,,,
51069,Cologne,17510,"440 € per month, incl. electricity, incl. heating","20,00 m2",1,160.00 kWh/m²a,,6 Mon.,3,,n/a,15.10.2020,Not limited,Varies depending on effort,1 monthly rent,Demand,30.09.2021,,Gas,before 2014,,"160,00 kWh/(m²*a)",,,,,,,,
50670,Cologne,19149,"1.100 € per month, incl. electricity, incl. heating","30,00 m2",1,117.00 kWh/m²a,D,3 Mon.,6,,n/a,immediately,Not limited,Varies depending on effort,1-2 monthly rents,Consumption,10.04.2029,"117,00 kWh/(m²*a)",Gas,as from may 2014,4,,,,,,,,,
50859,Cologne,17654,"740 € per month, incl. electricity, incl. heating","30,00 m2",2,199.00 kWh/m²a,,3 Mon.,,,n/a,01.11.2020,Not limited,Varies depending on effort,1-2 Monthly rents,Consumption,30.09.2021,"199,00 kWh/(m²*a)",Gas,before 2014,1,,,,,,,,,
53111,Bonn,81258,,"33,00 m2",1,84.59 kWh/m²a,C,3 Mon.,5,,n/a,31.10.2020,Not limited,Varies depending on effort,2 Monthly rents,Consumption,04.11.2027,"84,59 kWh/(m²*a)",,as from may 2014,,,,,,,,,,
53115,Bonn,81098,,"50,00 m2",2,,,3 Mon.,,1,yes,immediately,Not limited,Varies depending on effort,2-3 Monthly rents,,,,,not required,,,,,,,,,,
53639,Königswinter,81072,,"68,00 m2",3,,,3 Monate Mon.,,1,yes,immediately,Not limited,Varies depending on effort,2 MM,,,,,not required,2,,,,,,,,,
53111,Bonn,14406,"890 € per month, plus electricity, incl. heating","36,00 m2",2,213.00 kWh/m²a,,3 Mon.,4,,n/a,immediately,Not limited,,,Consumption,30.09.2021,"213,00 kWh/(m²*a)",Gas,before 2014,Ground floor,,,,,,,,,
50825,Cologne,19171,"1.300 € per month, incl. electricity, incl. heating","58,00 m2",2,134.30 kWh/m²a,E,3 Mon.,3,5,n/a,immediately,Not limited,Varies depending on effort,2 Monthly rents,Consumption,04.10.2028,"134,30 kWh/(m²*a)",Long-distance Heating,as from may 2014,,,,,,,,,,
40789,Monheim,18307,"1.290 € per month, incl. electricity, incl. heating","67,00 m2",2,149.30 kWh/m²a,E,3 Mon.,3,,n/a,30.11.2020,Not limited,Varies depending on effort,1-2 monthly rents,Consumption,19.07.2028,"149,30 kWh/(m²*a)",Gas,as from may 2014,Ground floor,,,,,,,,,
50859,Cologne,16551,"815 € per month, incl. electricity, incl. heating","36,00 m2",1,174.00 kWh/m²a,,3 Mon.,2,,n/a,01.07.2021,Not limited,Varies depending on effort,1-2 monthly rent,Consumption,30.09.2021,"174,00 kWh/(m²*a)",Oil,before 2014,-1,,,,,,,,,
50670,Cologne,13140,"1.519 € per month (incl. VAT 5%), incl. electricity, incl. heating","75,00 m2",3,161.00 kWh/m²a,,2 Mon.,,,n/a,immediately,Not limited,Varies depending on effort,2 Monthly rents,Demand,30.09.2021,,Gas,before 2014,Ground floor,"161,00 kWh/(m²*a)",,,,,,,,
50668,Cologne,16828,"990 € per month, plus electricity, incl. heating","43,00 m2",1,107.00 kWh/m²a,,3 Mon.,28,2,n/a,immediately,Not limited,Varies depending on effort,2 Monthly rents,Consumption,30.09.2021,"107,00 kWh/(m²*a)",Long-distance Heating,before 2014,,,,,,,,,,
51107,Cologne,81223,"750 € per month, plus electricity, incl. heating","28,00 m2",1,157.00 kWh/m²a,,3 Mon.,6,2,n/a,15.11.2020,Not limited,Varies depending on effort,2 monthly rent,Consumption,30.09.2021,"157,00 kWh/(m²*a)",Gas,before 2014,4,,,,,,,,,
50678,Cologne,18844,"899 € per month, incl. electricity, incl. heating","21,00 m2",1,,D,3 Mon.,,,n/a,01.01.2021,Not limited,,2 Monthly rents,Consumption,03.06.2028,,Long-distance Heating,as from may 2014,2,,,1965,,,,,,
50171,Kerpen,12713,"495 € per month, incl. electricity, incl. heating","35,00 m2",1,113.00 kWh/m²a,,3 Mon.,,,yes,immediately,Not limited,Varies depending on effort,2 monthly rent,Demand,13.09.2021,,Oil,before 2014,,"113,00 kWh/(m²*a)",,,,,,,,
50678,Cologne,17255,"1.000 € per month (incl. VAT 5%), plus electricity, incl. heating","23,00 m2",1,95.00 kWh/m²a,,2 Mon.,4,,n/a,immediately,Not limited,Varies depending on effort,2 monthly rent,Demand,30.09.2021,,Long-distance Heating,before 2014,2,"95,00 kWh/(m²*a)",,,,,,,,
50672,Cologne,11972,"980 € per month (incl. VAT 5%), incl. electricity, plus heating","26,00 m2",1,207.00 kWh/m²a,,2 Mon.,4,,n/a,immediately,Not limited,Varies depending on effort,2 Monthly rents,Consumption,30.09.2021,"207,00 kWh/(m²*a)",Long-distance Heating,before 2014,3,,,,,,,,,
50670,Cologne,19166,"1.400 € per month, plus electricity, incl. heating","62,00 m2",3,151.00 kWh/m²a,,3 Mon.,5,2,n/a,immediately,30.09.2021,Varies depending on effort,2 Monthly rents,Consumption,29.04.2024,"151,00 kWh/(m²*a)",Oil,before 2014,4,,,,,,,,,
53129,Bonn,17550,"1.160 € per month, incl. electricity, incl. heating","63,00 m2",2,166.00 kWh/m²a,,3 Mon.,,,n/a,01.11.2020,Not limited,Varies depending on effort,2 Monthly rents,Consumption,30.09.2021,"166,00 kWh/(m²*a)",Gas,before 2014,Ground floor,,,,,,,,,
53121,Bonn,17717,"990 € per month, plus electricity, incl. heating","32,00 m2",1,128.00 kWh/m²a,,3 Mon.,3,4,n/a,01.11.2020,Not limited,Varies depending on effort,2 monthly rent,Consumption,30.09.2021,"128,00 kWh/(m²*a)",Gas,before 2014,,,,,,,,,,
50733,Cologne,17421,"920 € per month, plus electricity, incl. heating","48,00 m2",2,142.00 kWh/m²a,,3 Mon.,4,,n/a,immediately,Not limited,,1-2 Monthly rents,Demand,06.10.2018,,Gas,before 2014,1,"142,00 kWh/(m²*a)",,,,,,,,
50667,Cologne,14227,"1.535 € per month, incl. electricity, plus heating","56,00 m2",2,,,3 Mon.,,4,n/a,immediately,31.12.2020,Varies depending on effort,Monthly rents,,,,,not required,1,,,,,,,,,
50672,Cologne,81018,,"29,00 m2",1,101.00 kWh/m²a,,2 Monate Mon.,5,,n/a,immediately,Not limited,Varies depending on effort,2 MM,Demand,30.09.2021,,Long-distance Heating,before 2014,3,"101,00 kWh/(m²*a)",,,,,,,,
50672,Cologne,13501,"1.090 € per month (incl. VAT 5%), incl. electricity, incl. heating","29,00 m2",1,101.00 kWh/m²a,,2 Mon.,5,,n/a,immediately,Not limited,Varies depending on effort,1-2 Monthly rents,Demand,30.09.2021,,Long-distance Heating,before 2014,2,"101,00 kWh/(m²*a)",,,,,,,,
50672,Cologne,11560,"1.190 € per month (incl. VAT 5%), incl. electricity, incl. heating","26,00 m2",1,173.00 kWh/m²a,,2 Mon.,4,,yes,immediately,Not limited,Varies depending on effort,1-2 Monthly rents,Consumption,30.09.2021,"173,00 kWh/(m²*a)",Long-distance Heating,before 2014,,,,,,,,,,
50672,Cologne,11554,"1.110 € per month (incl. VAT 5%), incl. electricity, incl. heating","23,00 m2",1,173.00 kWh/m²a,,2 Mon.,4,,n/a,immediately,Not limited,Varies depending on effort,1-2 Monthly rents,Consumption,30.09.2021,"173,00 kWh/(m²*a)",Long-distance Heating,before 2014,2,,,,,,,,,
50672,Cologne,13509,"1.150 € per month (incl. VAT 5%), incl. electricity, incl. heating","29,00 m2",1,101.00 kWh/m²a,,2 Monate Mon.,5,,n/a,immediately,Not limited,Varies depending on effort,2 Monthly rents,Demand,30.09.2021,,Long-distance Heating,before 2014,3,"101,00 kWh/(m²*a)",,,,,,,,
53225,Bonn,18451,"1.500 € per month, incl. electricity, incl. heating","42,00 m2",1,12.80 kWh/m²a,A+,3 Mon.,4,,n/a,immediately,Not limited,Varies depending on effort,1 Monthly rent,Demand,30.09.2021,,,before 2014,,"12,80 kWh/(m²*a)",,,,,,,,
50939,Cologne,15936,"647 € per month (incl. VAT 5%), incl. electricity, incl. heating","14,00 m2",1,111.00 kWh/m²a,,3 Mon.,4,,n/a,immediately,Not limited,Varies depending on effort,Monthly rents,Consumption,30.09.2021,"111,00 kWh/(m²*a)",Gas,before 2014,3,,,,,,,,,
50735,Cologne,10968,"780 € per month, incl. electricity, plus heating","38,00 m2",1,152.00 kWh/m²a,,3 Mon.,11,,yes,immediately,Not limited,Varies depending on effort,2 Monthly rents,Consumption,30.09.2021,"152,00 kWh/(m²*a)",Long-distance Heating,before 2014,4,,,,,,,,,
50996,Cologne,11139,"1.100 € per month, plus electricity, incl. heating","90,00 m2",3,224.00 kWh/m²a,,3 Mon.,,4,n/a,immediately,Not limited,,,Demand,30.09.2021,,Gas,before 2014,1,"224,00 kWh/(m²*a)",,,,,,,,
50672,Cologne,12542,"1.485 € per month (incl. VAT 5%), incl. electricity, incl. heating","36,00 m2",1,206.00 kWh/m²a,,2 Mon.,,2,n/a,immediately,Not limited,Varies depending on effort,2 Monthly rents,Consumption,30.09.2021,"206,00 kWh/(m²*a)",Gas,before 2014,3,,,,,,,,,
50670,Cologne,18600,"1.650 € per month, incl. electricity, incl. heating","42,00 m2",1,164.00 kWh/m²a,F,3 Mon.,4,2,n/a,01.11.2020,Not limited,Varies depending on effort,2 Monthly rents,Consumption,30.09.2021,"164,00 kWh/(m²*a)",Gas,before 2014,Ground floor,,,,,,,,,
50968,Cologne,17365,"1.600 € per month, plus electricity, incl. heating","60,00 m2",2,126.00 kWh/m²a,,3 Mon.,,,yes,immediately,Not limited,Varies depending on effort,2 Monthly rents,Consumption,30.09.2021,"126,00 kWh/(m²*a)",Oil,before 2014,5,,,,,,,,,
50996,Cologne,17253,"1.060 € per month, incl. electricity, incl. heating","30,00 m2",1,279.00 kWh/m²a,,3 Mon.,3,,yes,immediately,Not limited,Varies depending on effort,2 Monthly rents,Consumption,30.09.2021,"279,00 kWh/(m²*a)",Gas,before 2014,2,,,,,,,,,
51429,Bergisch Gladbach,18858,"795 € per month, plus electricity, incl. heating","32,00 m2",1,152.90 kWh/m²a,E,6 Mon.,4,,n/a,01.12.2020,Not limited,Varies depending on effort,2 Monthly rents,Demand,05.12.2026,,Long-distance Heating,as from may 2014,2,"152,90 kWh/(m²*a)",,,,,,,,
50735,Cologne,17334,"850 € per month, incl. electricity, incl. heating","33,00 m2",1,152.00 kWh/m²a,,3 Mon.,,2,n/a,immediately,Not limited,Varies depending on effort,2 monthly rent,Consumption,30.09.2021,"152,00 kWh/(m²*a)",Long-distance Heating,before 2014,11,,,,,,,,,
50859,Cologne,18267,"940 € per month, incl. electricity, incl. heating","40,00 m2",2,126.16 kWh/m²a,D,3 Mon.,,,n/a,immediately,Not limited,Varies depending on effort,1-2 Monthly rents,Demand,12.06.2028,,Gas,as from may 2014,1,"126,16 kWh/(m²*a)",,,,,,,,
50996,Cologne,17785,"1.685 € per month, plus electricity, incl. heating","86,00 m2",2,87.00 kWh/m²a,,3 Mon.,18,,yes,01.11.2020,Not limited,Varies depending on effort,2 Monthly rents,Consumption,18.09.2018,"87,00 kWh/(m²*a)",Long-distance Heating,before 2014,16,,,,,,,,,
45699,Herten,15835,"650 € per month, incl. electricity, incl. heating","35,00 m2",1,148.00 kWh/m²a,,3 Mon.,3,,n/a,immediately,Not limited,Varies depending on effort,1 monthly rent,Consumption,30.09.2021,"148,00 kWh/(m²*a)",Oil,before 2014,Ground floor,,,,,,,,,
51469,Bergisch Gladbach,18222,"1.650 € per month, incl. electricity, incl. heating","105,00 m2",3,233.60 kWh/m²a,G,3 Mon.,,,yes,immediately,Not limited,Varies depending on effort,2 Monthly rents,Consumption,30.09.2021,"233,60 kWh/(m²*a)",Gas,before 2014,2,,,,,,,,,
53111,Bonn,18779,"690 € per month, incl. electricity, incl. heating","23,00 m2",2,,C,3 Mon.,4,,n/a,31.12.2020,Not limited,Varies depending on effort,2 Monthly rents,Consumption,04.11.2027,,,as from may 2014,1,,"84,59 kWh/(m²*a)",,,,,,,
53121,Bonn,18557,"790 € per month, plus electricity, incl. heating","27,00 m2",2,128.00 kWh/m²a,,3 Mon.,3,,n/a,01.11.2020,Not limited,Varies depending on effort,2 Monthly rents,Consumption,30.09.2021,"128,00 kWh/(m²*a)",Gas,before 2014,Ground floor,,,,,,,,,
53229,Bonn,11094,"820 € per month, incl. electricity, incl. heating","45,00 m2",2,174.00 kWh/m²a,,3 Mon.,,1,n/a,01.11.2020,Not limited,Varies depending on effort,1-2 Monthly rents,Demand,30.09.2021,,Gas,before 2014,,"174,00 kWh/(m²*a)",,,,,,,,
53229,Bonn,11432,"690 € per month, incl. electricity, incl. heating","30,00 m2",1,107.00 kWh/m²a,,3 Mon.,2,,yes,01.01.2021,Not limited,Varies depending on effort,monthly rent 1-2,Demand,30.09.2021,,Gas,before 2014,-1,"107,00 kWh/(m²*a)",,,,,,,,
50997,Cologne,11378,"660 € per month (incl. VAT 5%), incl. electricity, incl. heating","24,00 m2",1,16.00 kWh/m²a,,3 Mon.,,,n/a,16.10.2020,01.05.2020,Varies depending on effort,1-2 Monthly rents,Demand,30.09.2021,,Electric,before 2014,2,"16,00 kWh/(m²*a)",,,,,,,,
50823,Cologne,17505,"990 € per month, plus electricity, incl. heating","46,00 m2",1,,,6 Mon.,3,,n/a,immediately,Not limited,Varies depending on effort,1-2 Monthly rents,,,,Gas,not required,,,,,,,,,,
45359,Essen,18741,"520 € per month, incl. electricity, incl. heating","30,00 m2",2,,,3 Mon.,1,,n/a,immediately,Not limited,Varies depending on effort,1-2 Monthly rents,,,,,not available,Ground floor,,,,,,,,,
50674,Cologne,12510,"1.190 € per month (incl. VAT 5%), plus electricity, incl. heating","48,00 m2",2,122.00 kWh/m²a,,2 Mon.,,,n/a,15.10.2020,Not limited,Varies depending on effort,1-2 monthly rents,Consumption,30.09.2021,"122,00 kWh/(m²*a)",Gas,before 2014,4,,,,,,,,,
50670,Cologne,16347,"1.080 € per month (incl. VAT 5%), plus electricity, incl. heating","46,00 m2",1,118.00 kWh/m²a,D,2 Mon.,4,2,yes,01.12.2020,Not limited,Varies depending on effort,2 Monthly rents,Demand,30.09.2021,,Gas,before 2014,3,"118,00 kWh/(m²*a)",,1957,,,,,,
53173,Bonn,18812,"630 € per month, incl. electricity, incl. heating","45,00 m2",1,171.00 kWh/m²a,,3 Mon.,,,n/a,immediately,Not limited,Varies depending on effort,1 monhtly rent,Consumption,30.09.2021,"171,00 kWh/(m²*a)",Gas,before 2014,2,,,,,,,,,
53127,Bonn,14089,"698 € per month, plus electricity, incl. heating","47,00 m2",2,114.00 kWh/m²a,,6 Mon.,3,1,n/a,immediately,Not limited,Varies depending on effort,2 monthly rent,Demand,30.09.2021,,Gas,before 2014,,"114,00 kWh/(m²*a)",,,,,,,,
50676,Cologne,12591,"1.508 € per month (incl. VAT 5%), incl. electricity, incl. heating","58,00 m2",3,98.00 kWh/m²a,,2 Mon.,,2,n/a,immediately,Not limited,Varies depending on effort,2 Monthly rents,Consumption,30.09.2021,"98,00 kWh/(m²*a)",Gas,before 2014,1,,,,,,,,,
53113,Bonn,17265,"690 € per month, plus electricity, plus heating","29,00 m2",1,,,3 Mon.,,,n/a,immediately,Not limited,Varies depending on effort,1-2 monthly rent,,,,,not required,3,,,,,,,,,
50672,Cologne,11386,"1.090 € per month (incl. VAT 5%), incl. electricity, incl. heating","23,00 m2",1,173.00 kWh/m²a,,2 Mon.,4,,n/a,immediately,Not limited,Varies depending on effort,1-2 Monthly rents,Consumption,30.09.2021,"173,00 kWh/(m²*a)",Long-distance Heating,before 2014,Ground floor,,,,,,,,,
51105,Cologne,18264,"1.050 € per month, plus electricity, incl. heating","70,00 m2",2,109.00 kWh/m²a,,3 Mon.,,,yes,immediately,Not limited,Varies depending on effort,2 monthly rents,Consumption,30.09.2021,"109,00 kWh/(m²*a)",Gas,before 2014,,,,,,,,,,
50931,Cologne,10013,"920 € per month, incl. electricity, incl. heating","40,00 m2",2,104.00 kWh/m²a,,3 Mon.,1,,n/a,31.12.2020,Not limited,Varies depending on effort,2 monthly rents,Demand,30.09.2021,,Oil,before 2014,Ground floor,"104,00 kWh/(m²*a)",,,,,,,,
50670,Cologne,14832,"1.380 € per month, incl. electricity, incl. heating","50,00 m2",2,147.00 kWh/m²a,,3 Mon.,3,,yes,immediately,Not limited,Varies depending on effort,1-2 Monthly rents,Consumption,30.09.2021,"147,00 kWh/(m²*a)",Long-distance Heating,before 2014,1,,,,,,,,,
50670,Cologne,17336,"2.480 € per month, incl. electricity, incl. heating","94,00 m2",3,120.00 kWh/m²a,,3 Mon.,,2,yes,immediately,Not limited,Varies depending on effort,1-2 Monthy rents,Consumption,30.09.2021,"120,00 kWh/(m²*a)",Long-distance Heating,before 2014,1,,,,,,,,,
50670,Cologne,10001,"590 € per month, incl. electricity, incl. heating","21,00 m2",1,,,3 Mon.,,,n/a,immediately,Not limited,Varies depending on effort,1-2 Monthly rents,,,,,not required,4,,,,,,,,,
50733,Cologne,10191,"1.890 € per month, incl. electricity, incl. heating","90,00 m2",3,206.00 kWh/m²a,,3 Mon.,4,,n/a,immediately,Not limited,Varies depending on effort,1-2 Monthly rents,Consumption,30.09.2021,"206,00 kWh/(m²*a)",Gas,before 2014,1,,,,,,,,,
50670,Cologne,17447,"1.990 € per month, incl. electricity, incl. heating","60,00 m2",2,164.00 kWh/m²a,F,3 Mon.,,,n/a,immediately,Not limited,,,Consumption,30.09.2021,"164,00 kWh/(m²*a)",Gas,before 2014,4,,,,,,,,,
53117,Bonn,18826,"990 € per month, plus electricity, incl. heating","32,00 m2",1,,,3 Mon.,4,,n/a,immediately,Not limited,Varies depending on effort,2 Monthly rents,,,,,,2,,,,,,,,,
53113,Bonn,14375,"1.060 € per month, incl. electricity, incl. heating","50,00 m2",1,189.00 kWh/m²a,,3 Mon.,,,n/a,immediately,Not limited,Varies depending on effort,1-2 Monthly rents,Consumption,30.09.2021,"189,00 kWh/(m²*a)",Gas,before 2014,3,,,,,,,,,
53115,Bonn,16928,"915 € per month, plus electricity, incl. heating","35,00 m2",1,,,3 Mon.,3,,n/a,immediately,Not limited,Varies depending on effort,2 Monthly rents,,,,,not required,,,,,,,,,,
50996,Cologne,18532,"945 € per month, incl. electricity, incl. heating","48,00 m2",1,146.30 kWh/m²a,E,3 Mon.,3,,n/a,immediately,Not limited,Varies depending on effort,1-2 Monthly rents,Consumption,23.05.2029,"146,30 kWh/(m²*a)",Gas,as from may 2014,Ground floor,,,,,,,,,
51467,Bergisch Gladbach,18363,"1.550 € per month, incl. electricity, incl. heating","92,00 m2",3,142.00 kWh/m²a,,3 Mon.,,,yes,31.12.2020,Not limited,Varies depending on effort,2 Monthly rents,Consumption,01.09.2020,"142,00 kWh/(m²*a)",Gas,before 2014,,,,,,,,,,
53225,Bonn,12883,"970 € per month, plus electricity, incl. heating","58,00 m2",2,86.00 kWh/m²a,C,3 Mon.,3,,n/a,immediately,Not limited,Varies depending on effort,2 Monthly rents,Consumption,26.09.2028,"86,00 kWh/(m²*a)",Gas,as from may 2014,Ground floor,,,,,,,,,
50672,Cologne,12463,"1.947 € per month (incl. VAT 5%), incl. electricity, incl. heating","45,00 m2",1,206.00 kWh/m²a,,2 Monate Mon.,,2,n/a,immediately,Not limited,Varies depending on effort,1 Monthly rents,Consumption,30.09.2021,"206,00 kWh/(m²*a)",Gas,before 2014,6,,,,,,,,,
50676,Cologne,13817,"1.480 € per month (incl. VAT 5%), incl. electricity, incl. heating","32,00 m2",1,95.00 kWh/m²a,,2 Mon.,3,,n/a,immediately,Not limited,Varies depending on effort,1 Monthly rents,Consumption,30.09.2021,"95,00 kWh/(m²*a)",Gas,before 2014,,,,,,,,,,
45130,Essen,18494,"1.250 € per month, incl. electricity, incl. heating","40,00 m2",2,164.30 kWh/m²a,E,3 Mon.,4,,n/a,15.10.2020,Not limited,Varies depending on effort,1 monthly rent,Demand,30.09.2021,,Long-distance Heating,before 2014,,"164,30 kWh/(m²*a)",,,,,,,,
45131,Essen,18493,"1.750 € per month, incl. electricity, incl. heating","80,00 m2",2,103.20 kWh/m²a,G,3 Mon.,,,yes,15.10.2020,Not limited,Varies depending on effort,1 monthly rent,Consumption,30.09.2021,"103,20 kWh/(m²*a)",Long-distance Heating,before 2014,4,,,,,,,,,
50670,Cologne,12388,"1.541 € per month (incl. VAT 5%), incl. electricity, incl. heating","73,00 m2",3,184.00 kWh/m²a,,2 Mon.,,,n/a,immediately,Not limited,Varies depending on effort,2 monthly rents,Demand,30.09.2021,,Gas,before 2014,,"184,00 kWh/(m²*a)",,,,,,,,
45276,Essen,18866,"840 € per month, incl. electricity, plus heating","60,00 m2",2,105.00 kWh/m²a,D,3 Mon.,4,,n/a,01.11.2020,Not limited,Varies depending on effort,1-2 monthly rents,Consumption,21.05.2028,"105,00 kWh/(m²*a)",,as from may 2014,,,,,,,,,,
50171,Kerpen,18802,"2.500 € per month, incl. electricity, incl. heating","170,00 m2",6,,,3 Mon.,3,,n/a,immediately,Not limited,Varies depending on effort,1-2 Monthly rents,,,,,not required,Ground floor,,,,,,,,,
53111,Bonn,18713,"990 € per month, plus electricity, incl. heating","33,00 m2",1,,C,3 Mon.,5,,n/a,30.10.2020,Not limited,Varies depending on effort,2 Monthly rents,Consumption,04.11.2027,,,as from may 2014,,,"84,59 kWh/(m²*a)",,,,,,,
53111,Bonn,18444,"990 € per month, plus electricity, incl. heating","33,00 m2",1,,C,3 Mon.,,,n/a,immediately,Not limited,Varies depending on effort,2 Monthly rents,Consumption,04.11.2027,,,as from may 2014,,,"84,59 kWh/(m²*a)",,,,,,,
53175,Bonn,18640,"1.800 € per month, plus electricity, incl. heating","80,00 m2",4,132.54 kWh/m²a,E,3 Mon.,3,6,n/a,30.11.2020,Not limited,Varies depending on effort,2 Monthly rents,Consumption,24.07.2025,"132,54 kWh/(m²*a)",Gas,as from may 2014,Ground floor,,,,,,,,,
40789,Monheim,18306,"1.490 € per month, incl. electricity, incl. heating","75,00 m2",3,,,3 Mon.,7,,yes,immediately,Not limited,Varies depending on effort,1-2 Monthly rents,,,,,,5,,,,,,,,,
50672,Cologne,10547,"890 € per month, incl. electricity, incl. heating","35,00 m2",1,155.00 kWh/m²a,,3 Mon.,,,n/a,01.12.2020,Not limited,Varies depending on effort,2 Monthly rents,Consumption,30.09.2021,"155,00 kWh/(m²*a)",Gas,before 2014,4,,,,,,,,,
45329,Essen,15203,"500 € per month, incl. electricity, incl. heating","30,00 m2",1,129.00 kWh/m²a,,3 Mon.,,,n/a,immediately,Not limited,Varies depending on effort,1-2 Monthly rents,Consumption,30.09.2021,"129,00 kWh/(m²*a)",Gas,before 2014,,,,,,,,,,
50668,Cologne,17080,"980 € per month (incl. VAT 5%), incl. electricity, incl. heating","30,00 m2",1,203.00 kWh/m²a,,2 Mon.,4,2,n/a,01.06.2021,Not limited,Varies depending on effort,2 Monthly rents,,,,,,,,,,Consumption,30.09.2021,"203,00 kWh/(m²*a)",Gas,before 2014,
50672,Cologne,11208,"1.470 € per month (incl. VAT 5%), incl. electricity, incl. heating","36,00 m2",1,206.00 kWh/m²a,,3 Mon.,,,n/a,immediately,Not limited,Varies depending on effort,2 MM,,,,,,5,,,,Consumption,30.09.2021,"206,00 kWh/(m²*a)",Gas,before 2014,
50672,Cologne,11556,"1.090 € per month (incl. VAT 5%), incl. electricity, incl. heating","22,00 m2",1,173.00 kWh/m²a,,2 Mon.,4,,n/a,immediately,Not limited,Varies depending on effort,1 Monthly rents,Consumption,30.09.2021,"173,00 kWh/(m²*a)",Long-distance Heating,before 2014,3,,,,,,,,,
50672,Cologne,12757,"1.482 € per month (incl. VAT 5%), incl. electricity, incl. heating","36,00 m2",1,206.00 kWh/m²a,,2 Mon.,,2,n/a,immediately,Not limited,Varies depending on effort,2 Monthly rents,,,,,,4,,,,Consumption,30.09.2021,"206,00 kWh/(m²*a)",Gas,before 2014,
50670,Cologne,16384,"1.600 € per month, incl. electricity, incl. heating","56,00 m2",2,100.00 kWh/m²a,,3 Mon.,5,,n/a,01.01.2021,Not limited,Varies depending on effort,2 MM,Consumption,30.09.2021,"100,00 kWh/(m²*a)",Gas,before 2014,4,,,,,,,,,
45219,Essen,15329,"650 € per month, incl. electricity, incl. heating","28,00 m2",1,262.00 kWh/m²a,,3 Monate Mon.,,2,n/a,immediately,Not limited,,,Consumption,30.09.2021,"262,00 kWh/(m²*a)",Gas,before 2014,Ground floor,,,,,,,,,
50670,Cologne,10443,"1.280 € per month (incl. VAT 5%), incl. electricity, incl. heating","42,00 m2",1,206.00 kWh/m²a,,2 Mon.,,2,n/a,11.11.2020,Not limited,Varies depending on effort,2 Monthly rents,,,,,,3,,,,Consumption,30.09.2021,"206,00 kWh/(m²*a)",Gas,before 2014,
50968,Cologne,17765,"1.350 € per month, incl. electricity, incl. heating","46,00 m2",2,126.00 kWh/m²a,,3 Mon.,5,3,n/a,immediately,Not limited,,,Consumption,30.09.2020,"126,00 kWh/(m²*a)",Oil,before 2014,,,,,,,,,,
50739,Cologne / Mauenheim,18583,"1.350 € per month, incl. electricity, incl. heating","46,00 m2",2,,E,3 Mon.,,,n/a,immediately,Not limited,Varies depending on effort,2 Monthly rents,Consumption,16.07.2029,,Gas,as from may 2014,1,,,,,,,,,
53225,Bonn,12887,"720 € per month, plus electricity, incl. heating","33,00 m2",2,203.00 kWh/m²a,,3 Mon.,,,yes,immediately,Not limited,Varies depending on effort,monthly rent 2,Consumption,30.09.2021,"203,00 kWh/(m²*a)",Gas,before 2014,1,,,,,,,,,
50827,Cologne,18833,"1.498 € per month, incl. electricity, incl. heating","75,00 m2",3,138.00 kWh/m²a,,3 Mon.,,2,yes,immediately,30.11.2020,Varies depending on effort,1-2 Monthly rents,Consumption,04.01.2019,"138,00 kWh/(m²*a)",Oil,before 2014,Ground floor,,,,,,,,,
45130,Essen,14808,"790 € per month, plus electricity, incl. heating","40,00 m2",2,194.00 kWh/m²a,,,,,n/a,31.01.2021,Not limited,,2 Monthly rents,Demand,30.09.2021,,Oil,before 2014,4,"194,00 kWh/(m²*a)",,,,,,,,
45276,Essen,15190,"595 € per month, incl. electricity, incl. heating","35,00 m2",1,,,3 Mon.,,,n/a,immediately,Not limited,Varies depending on effort,1-2 Monthly rents,,30.09.2021,,,before 2014,,,,,,,,,,
50676,Cologne,13791,"1.190 € per month (incl. VAT 5%), incl. electricity, incl. heating","42,00 m2",1,181.00 kWh/m²a,,2 Mon.,,,n/a,immediately,Not limited,Varies depending on effort,2 Monthly rents,,,,,,2,,,,Consumption,30.09.2021,"181,00 kWh/(m²*a)",Gas,before 2014,
50672,Cologne,17286,"980 € per month (incl. VAT 5%), incl. electricity, incl. heating","25,00 m2",1,207.00 kWh/m²a,,2 Monate Mon.,,,n/a,immediately,Not limited,Varies depending on effort,2 Monthly rents,Consumption,30.09.2021,"207,00 kWh/(m²*a)",Long-distance Heating,before 2014,4,,,,,,,,,
50672,Cologne,10413,"1.240 € per month (incl. VAT 5%), incl. electricity, plus heating","26,00 m2",1,207.00 kWh/m²a,,2 Mon.,4,,n/a,immediately,Not limited,Varies depending on effort,2 Monthly rents,,,,,,3,,,,Consumption,30.09.2021,"207,00 kWh/(m²*a)",Long-distance Heating,before 2014,
50858,Cologne,18745,"750 € per month, plus electricity, incl. heating","23,00 m2",1,66.00 kWh/m²a,B,3 Mon.,8,2,yes,31.10.2020,Not limited,Varies depending on effort,1-2 Monthly rents,Consumption,08.10.2028,"66,00 kWh/(m²*a)",Long-distance Heating,as from may 2014,5,,,,,,,,,
50667,Cologne,11357,"1.070 € per month, incl. electricity, incl. heating","60,00 m2",2,163.00 kWh/m²a,,3 Mon.,4,,n/a,immediately,01.12.2020,Varies depending on effort,1-2 Monthy rents,Consumption,30.09.2021,"163,00 kWh/(m²*a)",Gas,before 2014,1,,,,,,,,,
50676,Cologne,13924,"1.116 € per month (incl. VAT 5%), incl. electricity, incl. heating","36,00 m2",2,152.00 kWh/m²a,,2 Mon.,,,n/a,immediately,Not limited,Varies depending on effort,2 monthly rent,Demand,30.09.2021,,Gas,before 2014,Ground floor,"152,00 kWh/(m²*a)",,,,,,,,
50668,Cologne,17165,"1.206 € per month (incl. VAT 5%), incl. electricity, incl. heating","30,00 m2",2,203.00 kWh/m²a,,2 Mon.,4,,n/a,01.11.2020,Not limited,Varies depending on effort,2 Monthly rents,,,,,,3,,,,Consumption,30.09.2021,"203,00 kWh/(m²*a)",Gas,before 2014,
50672,Cologne,12240,"1.482 € per month (incl. VAT 5%), incl. electricity, incl. heating","36,00 m2",1,206.00 kWh/m²a,,2 Mon.,,,n/a,immediately,Not limited,Varies depending on effort,2 Monthly rents,,,,,,5,,,,Consumption,30.09.2021,"206,00 kWh/(m²*a)",Gas,before 2014,
50823,Cologne,10457,"1.360 € per month (incl. VAT 5%), incl. electricity, incl. heating","30,00 m2",1,203.00 kWh/m²a,,2 Mon.,,2,n/a,immediately,Not limited,Varies depending on effort,1-2 Monthly rents,,,,,,Ground floor,,,,Consumption,30.09.2021,"203,00 kWh/(m²*a)",Gas,before 2014,
50668,Cologne,17164,"980 € per month (incl. VAT 5%), incl. electricity, plus heating","20,00 m2",1,203.00 kWh/m²a,,2 Mon.,4,2,n/a,immediately,Not limited,Varies depending on effort,2 MM,,,,,,3,,,,Consumption,30.09.2021,"203,00 kWh/(m²*a)",Gas,before 2014,
50676,Cologne,13468,"1.240 € per month (incl. VAT 5%), incl. electricity, incl. heating","42,00 m2",2,105.00 kWh/m²a,,2 Mon.,,,n/a,immediately,Not limited,Varies depending on effort,1-2 Monthly rents,,,,,,1,,,,Consumption,30.09.2021,"105,00 kWh/(m²*a)",Gas,before 2014,
50674,Cologne,17487,"860 € per month, incl. electricity, incl. heating","35,00 m2",1,144.00 kWh/m²a,E,3 Mon.,,,n/a,01.01.2021,Not limited,Varies depending on effort,monthly rent 1,Consumption,30.09.2021,"144,00 kWh/(m²*a)",Gas,before 2014,3,,,,,,,,,
50733,Cologne,17230,"1.290 € per month, incl. electricity, incl. heating","40,00 m2",2,194.00 kWh/m²a,,2 Mon.,5,,n/a,immediately,Not limited,Varies depending on effort,1-2 Monthly rents,Consumption,30.09.2021,"194,00 kWh/(m²*a)",Gas,before 2014,1,,,,,,,,,
45127,Essen,15101,"900 € per month, plus electricity, incl. heating","60,00 m2",3,139.00 kWh/m²a,,3 Mon.,,2,n/a,immediately,Not limited,,,Consumption,30.09.2021,"139,00 kWh/(m²*a)",Long-distance Heating,before 2014,,,,,,,,,,
50672,Cologne,11567,"1.040 € per month (incl. VAT 5%), incl. electricity, incl. heating","20,00 m2",1,173.00 kWh/m²a,,2 Mon.,,,n/a,immediately,Not limited,Varies depending on effort,1-2 Monthly rents,Consumption,30.09.2021,"173,00 kWh/(m²*a)",Long-distance Heating,before 2014,4,,,,,,,,,
50933,Cologne,10685,"595 € per month, plus electricity, incl. heating","33,00 m2",1,112.00 kWh/m²a,D,3 Mon.,2,,n/a,immediately,Not limited,Varies depending on effort,1-2 monthly rent,,,,,,,,,,Consumption,23.07.2028,"112,00 kWh/(m²*a)",Gas,as from may 2014,
53113,Bonn,18614,"1.600 € per month, incl. electricity, incl. heating","80,00 m2",3,,,6 Mon.,,4,n/a,immediately,30.10.2021,Varies depending on effort,2 Monthly rents,,,,,,,,,,,,,,not required,
45139,Essen,15204,"370 € per month, incl. electricity, incl. heating","12,00 m2",1,79.00 kWh/m²a,,6 Mon.,,,n/a,immediately,Not limited,Varies depending on effort,2 monthly rents,,,,,,Ground floor,,,,Consumption,30.09.2021,"79,00 kWh/(m²*a)",,before 2014,
53121,Bonn,17634,"990 € per month, plus electricity, incl. heating","33,00 m2",2,128.00 kWh/m²a,,3 Mon.,,4,n/a,immediately,Not limited,Varies depending on effort,2 monthly rent,Consumption,30.09.2021,"128,00 kWh/(m²*a)",Gas,before 2014,1,,,,,,,,,
51145,Cologne,17100,"799 € per month, plus electricity, incl. heating","35,00 m2",1,142.00 kWh/m²a,,3 Mon.,15,2,n/a,05.11.2020,Not limited,Varies depending on effort,monthly rent 2,Consumption,30.09.2021,"142,00 kWh/(m²*a)",Oil,before 2014,8,,,,,,,,,
51149,Cologne,17406,"950 € per month, incl. electricity, incl. heating","49,00 m2",1,120.00 kWh/m²a,,3 Mon.,4,2,yes,immediately,Not limited,Varies depending on effort,2 Monthly rents,Consumption,30.09.2021,"120,00 kWh/(m²*a)",Long-distance Heating,before 2014,,,,,,,,,,
53225,Bonn,17357,"1.340 € per month, plus electricity, plus heating","85,00 m2",3,49.00 kWh/m²a,,3 Mon.,,,n/a,immediately,Not limited,Varies depending on effort,2 monthly rents,Demand,30.09.2021,,Gas,before 2014,Ground floor,"49,00 kWh/(m²*a)",,,,,,,,
50969,Cologne,17745,"910 € per month, incl. electricity, incl. heating","35,00 m2",1,89.00 kWh/m²a,,3 Mon.,,2,n/a,immediately,Not limited,Varies depending on effort,2 Monthly rents,Demand,26.06.2021,,Gas,before 2014,3,"89,00 kWh/(m²*a)",,,,,,,,
50679,Cologne,16499,"1.644 € per month (incl. VAT 5%), incl. electricity, plus heating","58,00 m2",1,204.00 kWh/m²a,,3 Mon.,3,,n/a,immediately,Not limited,Varies depending on effort,1-2 Monthly rents,,,,,,2,,,,Consumption,30.09.2021,"204,00 kWh/(m²*a)",Gas,before 2014,
45768,Marl,15856,"590 € per month, incl. electricity, incl. heating","52,00 m2",1,180.00 kWh/m²a,,3 Mon.,,,n/a,01.11.2020,Not limited,,,Consumption,30.09.2021,"180,00 kWh/(m²*a)",Oil,before 2014,2,,,,,,,,,
40789,Monheim,18516,"1.290 € per month, incl. electricity, incl. heating","54,00 m2",2,141.40 kWh/m²a,,3 Mon.,6,,n/a,immediately,Not limited,Varies depending on effort,1-2 Monthly rents,Demand,09.08.2019,,Oil,before 2014,5,"141,40 kWh/(m²*a)",,1969,,,,,,
53175,Bonn,18830,"1.800 € per month, plus electricity, incl. heating","80,00 m2",3,132.54 kWh/m²a,E,3 Mon.,,6,n/a,30.11.2020,Not limited,Varies depending on effort,2 Monthly rents,Consumption,24.07.2025,"132,54 kWh/(m²*a)",Gas,as from may 2014,2,,,,,,,,,
50939,Cologne,15938,"647 € per month (incl. VAT 5%), incl. electricity, incl. heating","14,00 m2",1,111.00 kWh/m²a,,3 Mon.,4,,n/a,immediately,Not limited,Varies depending on effort,1-2 Monthly rents,Consumption,30.09.2021,"111,00 kWh/(m²*a)",Gas,before 2014,3,,,,,,,,,
51107,Cologne,17234,"750 € per month, plus electricity, incl. heating","27,00 m2",1,166.00 kWh/m²a,,3 Mon.,7,2,yes,01.11.2020,Not limited,Varies depending on effort,1 monthly rent,Consumption,30.09.2021,"166,00 kWh/(m²*a)",Gas,before 2014,4,,,,,,,,,
45277,Essen,18509,"685 € per month, plus electricity, incl. heating","40,00 m2",1,97.10 kWh/m²a,,3 Mon.,3,,n/a,immediately,Not limited,Varies depending on effort,2 monthly rents,Demand,30.09.2021,,Gas,before 2014,Ground floor,"97,10 kWh/(m²*a)",,1998,,,,,,
45127,Essen,18226,"790 € per month (incl. VAT 5%), incl. electricity, incl. heating","22,00 m2",1,,,2 Mon.,10,2,yes,immediately,Not limited,Varies depending on effort,,,,,,,6,,,,,,,,,
50735,Cologne,17345,"1.190 € per month, plus electricity, incl. heating","48,00 m2",1,210.00 kWh/m²a,,3 Mon.,,2,yes,immediately,Not limited,Varies depending on effort,2 monthly rents,Consumption,30.09.2021,"210,00 kWh/(m²*a)",Gas,before 2014,,,,,,,,,,
50733,Cologne,17207,"1.290 € per month, incl. electricity, incl. heating","58,00 m2",2,86.00 kWh/m²a,,3 Mon.,10,,n/a,immediately,Not limited,Varies depending on effort,2 Monthly rents,Consumption,30.09.2021,"86,00 kWh/(m²*a)",Gas,before 2014,7,,,,,,,,,
53173,Bonn,14197,"560 € per month, incl. electricity, incl. heating","30,00 m2",1,184.00 kWh/m²a,F,6 Mon.,,,n/a,immediately,Not limited,Varies depending on effort,1-2 Monthly rents,Demand,30.09.2021,,Oil,before 2014,,"184,00 kWh/(m²*a)",,,,,,,,
50672,Cologne,18603,"950 € per month, incl. electricity, incl. heating","23,00 m2",1,157.40 kWh/m²a,E,3 Mon.,5,,n/a,01.03.2021,Not limited,Varies depending on effort,2 monthly rents,Consumption,24.09.2028,"157,40 kWh/(m²*a)",Long-distance Heating,as from may 2014,2,,,,,,,,,
50667,Cologne,16587,"1.307 € per month (incl. VAT 5%), incl. electricity, incl. heating","37,00 m2",1,,,2 Mon.,,2,n/a,immediately,Not limited,Varies depending on effort,2 Monthly rents,,,,,not available,3,,,,,,,,,
50672,Cologne,12447,"861 € per month (incl. VAT 5%), incl. electricity, incl. heating","24,00 m2",1,211.00 kWh/m²a,,3 Mon.,,,n/a,immediately,Not limited,Varies depending on effort,2 monthl rent,Consumption,30.09.2021,"211,00 kWh/(m²*a)",Gas,before 2014,,,,,,,,,,
50672,Cologne,13656,"861 € per month (incl. VAT 5%), incl. electricity, incl. heating","24,00 m2",1,211.00 kWh/m²a,,3 Mon.,,,n/a,immediately,Not limited,Varies depending on effort,2 monthly rent,Consumption,30.09.2021,"211,00 kWh/(m²*a)",Gas,before 2014,Ground floor,,,,,,,,,
51149,Cologne,14337,"750 € per month, plus electricity, incl. heating","46,00 m2",1,12.00 kWh/m²a,,6 Mon.,,2,yes,01.01.2033,Not limited,Varies depending on effort,Monthly rents,Consumption,30.09.2021,"12,00 kWh/(m²*a)",Gas,before 2014,,,,,,,,,,
50169,Kerpen,18302,"650 € per month, plus electricity, incl. heating","26,00 m2",1,120.00 kWh/m²a,D,3 Mon.,,,yes,immediately,01.10.2020,Varies depending on effort,2 monthly rent,,,,,,2,,,,Consumption,30.09.2021,"120,00 kWh/(m²*a)",Gas,before 2014,
50169,Kerpen,13948,"650 € per month, plus electricity, incl. heating","22,00 m2",1,120.00 kWh/m²a,D,3 Mon.,2,,yes,immediately,Not limited,Varies depending on effort,2 Monthly rents,Consumption,30.09.2021,"120,00 kWh/(m²*a)",Gas,before 2014,,,,,,,,,,
53639,Königswinter,16336,"1.160 € per month, plus electricity, plus heating","68,00 m2",3,,,3 Monate Mon.,,1,yes,immediately,Not limited,Varies depending on effort,2 MM,,,,,not required,2,,,,,,,,,
50672,Cologne,11557,"1.090 € per month (incl. VAT 5%), incl. electricity, incl. heating","23,00 m2",1,173.00 kWh/m²a,,2 Mon.,4,,n/a,immediately,Not limited,Varies depending on effort,1-2 Monthly rents,Consumption,30.09.2021,"173,00 kWh/(m²*a)",Long-distance Heating,before 2014,,,,,,,,,,
53639,Königswinter,18629,"850 € per month, incl. electricity, incl. heating","33,00 m2",1,,D,3 Mon.,2,,yes,immediately,Not limited,Varies depending on effort,1-2 monthly rents,Consumption,28.08.2028,,Gas,as from may 2014,,,,1994,,,,,,
50997,Cologne,13048,"660 € per month (incl. VAT 5%), incl. electricity, incl. heating","24,00 m2",1,16.00 kWh/m²a,,3 Mon.,,,yes,15.12.2020,Not limited,Varies depending on effort,2 Monthly rents,Demand,30.09.2021,,,before 2014,2,"16,00 kWh/(m²*a)",,,,,,,,
53177,Bonn,14312,"495 € per month, incl. electricity, incl. heating","20,00 m2",1,142.00 kWh/m²a,E,6 Mon.,,,n/a,immediately,Not limited,Varies depending on effort,2 Monthly rents,,,,,,,,,,Consumption,30.09.2021,"142,00 kWh/(m²*a)",Oil,before 2014,
50825,Cologne,18699,"950 € per month, plus electricity, incl. heating","30,00 m2",1,92.00 kWh/m²a,C,3 Mon.,4,2,n/a,01.01.2021,Not limited,Varies depending on effort,1-2 Monthly rents,Consumption,16.02.2029,"92,00 kWh/(m²*a)",Gas,as from may 2014,3,,,,,,,,,
51469,Bergisch Gladbach / Hand,18268,"800 € per month, plus electricity, incl. heating",,2,168.70 kWh/m²a,F,3 Mon.,,,n/a,20.11.2020,Not limited,Varies depending on effort,1-2 Monthly rents,Demand,06.06.2028,,Electric,as from may 2014,,"168,70 kWh/(m²*a)",,1959,,,,,,
53121,Bonn,18605,"1.800 € per month, plus electricity, incl. heating","95,00 m2",4,206.00 kWh/m²a,,3 Mon.,3,6,n/a,immediately,Not limited,Varies depending on effort,2 Monthly rents,Demand,05.03.2020,,Gas,before 2014,1,"206,00 kWh/(m²*a)",,,,,,,,
50674,Cologne,18437,"1.280 € per month, incl. electricity, incl. heating","35,00 m2",2,,G,3 Mon.,,,n/a,immediately,Not limited,Varies depending on effort,2 Monthly rents,Consumption,30.09.2021,,Gas,before 2014,4,,,,,,,,,
50672,Cologne,18803,"1.200 € per month, incl. electricity, incl. heating","25,00 m2",1,,,3 Mon.,7,2,n/a,01.12.2020,Not limited,Varies depending on effort,2 Monthly rents,,,,,,,,,,,,,,,
45133,Essen,14882,"740 € per month, plus electricity, incl. heating","30,00 m2",1,419.00 kWh/m²a,,3 Mon.,,,n/a,immediately,Not limited,Varies depending on effort,1-2 Monthly rents,,,,,,,,,,Consumption,30.09.2021,"419,00 kWh/(m²*a)",Gas,before 2014,
53111,Bonn,18804,"2.400 € per month, incl. electricity, incl. heating","180,00 m2",6,,,3 Mon.,1,12,n/a,31.10.2020,Not limited,,2 Monthly rents,,,,,,,,,,,,,,,
51107,Cologne,16888,"750 € per month, plus electricity, incl. heating","28,00 m2",1,157.00 kWh/m²a,,3 Mon.,6,2,n/a,15.11.2020,Not limited,Varies depending on effort,2 monthly rent,Consumption,30.09.2021,"157,00 kWh/(m²*a)",Gas,before 2014,4,,,,,,,,,
45128,Essen,16533,"750 € per month, plus electricity, incl. heating","43,00 m2",1,,,3 Mon.,,3,yes,25.10.2020,Not limited,Varies depending on effort,1 monthly rent,,30.09.2021,,,before 2014,4,,,,,,,,,
41569,Rommerskirchen,17636,"630 € per month (incl. VAT 5%), incl. electricity, incl. heating","33,00 m2",1,,A,3 Mon.,,2,yes,01.01.2021,Not limited,Varies depending on effort,1-2 Monthly rents,Demand,30.09.2021,,Gas,before 2014,,,,,,,,,,
50679,Cologne,17240,"890 € per month (incl. VAT 5%), incl. electricity, plus heating","25,00 m2",1,204.00 kWh/m²a,,2 Mon.,3,2,n/a,02.01.2021,Not limited,Varies depending on effort,1-2 Monthly rents,,,,,,Ground floor,,,,Consumption,30.09.2021,"204,00 kWh/(m²*a)",Gas,before 2014,
50674,Cologne,17152,"1.518 € per month (incl. VAT 5%), incl. electricity, incl. heating","40,00 m2",1,220.00 kWh/m²a,,2 Mon.,5,2,n/a,immediately,Not limited,Varies depending on effort,2 Monthly rents,,,,,,4,,,,Consumption,30.09.2021,"220,00 kWh/(m²*a)",Gas,before 2014,
50678,Cologne,16275,"1.670 € per month (incl. VAT 5%), incl. electricity, incl. heating","65,00 m2",2,206.00 kWh/m²a,,3 Mon.,,,n/a,immediately,Not limited,Varies depending on effort,1-2 Monthly rents,,,,,,3,,,,Consumption,30.09.2021,"206,00 kWh/(m²*a)",Gas,before 2014,
50676,Cologne,15928,"1.320 € per month (incl. VAT 5%), incl. electricity, plus heating","40,00 m2",1,153.00 kWh/m²a,,2 Mon.,3,,n/a,immediately,Not limited,Varies depending on effort,1-2 Monthly rents,,,,,,2,,,,Consumption,30.09.2021,"153,00 kWh/(m²*a)",Long-distance Heating,before 2014,
50678,Cologne,14285,"1.340 € per month (incl. VAT 5%), incl. electricity, incl. heating","28,00 m2",1,95.00 kWh/m²a,,2 Mon.,4,,n/a,immediately,Not limited,Varies depending on effort,1-2 Monthly rents,,,,,,2,,,,Consumption,30.09.2021,"95,00 kWh/(m²*a)",Gas,before 2014,
50676,Cologne,14052,"1.440 € per month (incl. VAT 5%), incl. electricity, incl. heating","32,00 m2",1,95.00 kWh/m²a,,2 Mon.,,,n/a,14.03.2021,Not limited,Varies depending on effort,1 Monthly rents,,,,,,3,,,,Consumption,30.09.2021,"95,00 kWh/(m²*a)",Gas,before 2014,
50668,Cologne,17026,"980 € per month (incl. VAT 5%), incl. electricity, incl. heating","25,00 m2",1,203.00 kWh/m²a,,2 Mon.,4,2,n/a,21.10.2020,Not limited,Varies depending on effort,2 Monthly rents,Consumption,30.09.2021,"203,00 kWh/(m²*a)",Gas,before 2014,,,,,,,,,,
50674,Cologne,12514,"984 € per month (incl. VAT 5%), incl. electricity, incl. heating","23,00 m2",1,220.00 kWh/m²a,,2 Mon.,,2,n/a,immediately,Not limited,Varies depending on effort,2 Monthly rents,,,,,,5,,,,Consumption,30.09.2021,"220,00 kWh/(m²*a)",Gas,before 2014,
50672,Cologne,10407,"980 € per month (incl. VAT 5%), incl. electricity, incl. heating","26,00 m2",1,207.00 kWh/m²a,,2 Mon.,,,n/a,immediately,Not limited,Varies depending on effort,2 Monthly rents,Consumption,30.09.2021,"207,00 kWh/(m²*a)",Long-distance Heating,before 2014,,,,,,,,,,
50674,Cologne,16677,"1.860 € per month (incl. VAT 5%), incl. electricity, incl. heating","60,00 m2",2,220.00 kWh/m²a,,2 Mon.,,,n/a,11.11.2020,Not limited,Varies depending on effort,2 Monthly rents,,,,,,3,,,,Consumption,30.09.2021,"220,00 kWh/(m²*a)",Gas,before 2014,
50672,Cologne,13297,"1.311 € per month (incl. VAT 5%), incl. electricity, incl. heating","36,00 m2",1,206.00 kWh/m²a,,2 Mon.,,2,n/a,11.11.2020,Not limited,Varies depending on effort,2 Monthly rents,,,,,,5,,,,Consumption,30.09.2021,"206,00 kWh/(m²*a)",Gas,before 2014,
50672,Cologne,12719,"1.584 € per month (incl. VAT 5%), incl. electricity, incl. heating","40,00 m2",1,206.00 kWh/m²a,,2 Mon.,,2,n/a,immediately,Not limited,Varies depending on effort,2 Monthly rents,,,,,,5,,,,Consumption,30.09.2021,"206,00 kWh/(m²*a)",Gas,before 2014,
50670,Cologne,11935,"1.280 € per month (incl. VAT 5%), incl. electricity, incl. heating","42,00 m2",1,206.00 kWh/m²a,,2 Mon.,,2,n/a,26.07.2021,Not limited,Varies depending on effort,2 Monthly rents,,,,,,5,,,,Consumption,30.09.2021,"206,00 kWh/(m²*a)",Gas,before 2014,
50672,Cologne,10427,"1.311 € per month (incl. VAT 5%), incl. electricity, incl. heating","36,00 m2",1,206.00 kWh/m²a,,2 Mon.,,2,n/a,immediately,Not limited,Varies depending on effort,2 Monthly rents,,,,,,3,,,,Consumption,30.09.2021,"206,00 kWh/(m²*a)",Gas,before 2014,
50674,Cologne,10421,"1.305 € per month (incl. VAT 5%), incl. electricity, incl. heating","40,00 m2",1,220.00 kWh/m²a,,2 Mon.,5,,n/a,26.08.2021,Not limited,Varies depending on effort,2 Monthly rents,,,,,,2,,,,Consumption,30.09.2021,"220,00 kWh/(m²*a)",Gas,before 2014,
50823,Cologne,15859,"1.280 € per month (incl. VAT 5%), incl. electricity, incl. heating","35,00 m2",1,203.00 kWh/m²a,,2 Mon.,3,,n/a,immediately,Not limited,Varies depending on effort,2 Monthly rents,,,,,,2,,,,Consumption,30.09.2021,"203,00 kWh/(m²*a)",Gas,before 2014,
50672,Cologne,18794,"2.800 € per month, plus electricity, incl. heating","120,00 m2",5,,,3 Mon.,4,6,n/a,immediately,Not limited,Varies depending on effort,1-2 Monthly rents,,,,,,2,,,,,,,,not required,
50672,Cologne,17247,"2.550 € per month (incl. VAT 5%), incl. electricity, incl. heating","60,00 m2",2,206.00 kWh/m²a,,2 Mon.,,,n/a,immediately,Not limited,Varies depending on effort,2 Monthly rents,,,,,,6,,,,Consumption,30.09.2021,"206,00 kWh/(m²*a)",Gas,before 2014,
50672,Cologne,13015,"1.941 € per month (incl. VAT 5%), incl. electricity, plus heating","47,00 m2",2,235.00 kWh/m²a,,2 Mon.,,,n/a,immediately,Not limited,Varies depending on effort,2 Monthly rents,,,,,,5,,,,Consumption,30.09.2021,"235,00 kWh/(m²*a)",Gas,before 2014,
50767,Cologne,18523,"2.400 € per month, incl. electricity, incl. heating","118,00 m2",5,142.00 kWh/m²a,E,3 Mon.,3,4,yes,immediately,Not limited,Varies depending on effort,1-2 Monthly Rents,Consumption,25.02.2029,"142,00 kWh/(m²*a)",Gas,as from may 2014,,,,,,,,,,
50733,Cologne,17218,"1.115 € per month (incl. VAT 5%), incl. electricity, incl. heating","40,00 m2",2,194.00 kWh/m²a,F,2 Mon.,,,n/a,immediately,Not limited,Varies depending on effort,1-2 Monthly rents,,,,,,1,,,,Consumption,30.09.2021,"194,00 kWh/(m²*a)",Gas,before 2014,
50733,Cologne,10195,"1.840 € per month, plus electricity, incl. heating","80,00 m2",3,206.00 kWh/m²a,,3 Mon.,,,n/a,immediately,Not limited,Varies depending on effort,1-2 Monthly rents,Consumption,30.09.2021,"206,00 kWh/(m²*a)",Gas,before 2014,Ground floor,,,,,,,,,
50670,Cologne,17401,"945 € per month, plus electricity, incl. heating","38,00 m2",1,182.00 kWh/m²a,,3 Mon.,,,n/a,immediately,Not limited,Varies depending on effort,2 monthly rent,Consumption,30.09.2021,"182,00 kWh/(m²*a)",Gas,before 2014,3,,,,,,,,,
45128,Essen,15188,"609 € per month, plus electricity, incl. heating","35,00 m2",1,121.00 kWh/m²a,,3 Mon.,,2,n/a,immediately,Not limited,Varies depending on effort,1-2 Monthly rents,Consumption,06.10.2018,"121,00 kWh/(m²*a)",Long-distance Heating,before 2014,,,,,,,,,,
50674,Cologne,17602,"1.200 € per month, plus electricity, incl. heating","42,00 m2",1,181.00 kWh/m²a,,3 Mon.,,,n/a,31.12.2020,Not limited,Varies depending on effort,,Consumption,30.09.2021,"181,00 kWh/(m²*a)",Gas,before 2014,2,,,,,,,,,
50668,Cologne,16945,"970 € per month, incl. electricity, incl. heating","47,00 m2",1,105.00 kWh/m²a,,3 Mon.,,2,n/a,07.11.2020,Not limited,Varies depending on effort,2 Monthly rent,Demand,30.09.2021,,Long-distance Heating,before 2014,23,"105,00 kWh/(m²*a)",,,,,,,,
50672,Cologne,10409,"980 € per month (incl. VAT 5%), incl. electricity, incl. heating","25,00 m2",1,207.00 kWh/m²a,,2 Mon.,4,,n/a,immediately,Not limited,Varies depending on effort,2 MM,,,,,,,,,,Consumption,30.09.2021,"207,00 kWh/(m²*a)",Long-distance Heating,before 2014,
50859,Cologne,10730,"900 € per month, plus electricity, incl. heating","54,00 m2",1,105.00 kWh/m²a,,3 Mon.,,,n/a,immediately,Not limited,Varies depending on effort,2 monthly rent,Consumption,30.09.2021,"105,00 kWh/(m²*a)",Gas,before 2014,-1,,,,,,,,,
50677,Cologne,18361,"1.500 € per month, incl. electricity, incl. heating","50,00 m2",2,,,3 Mon.,6,,n/a,immediately,Not limited,Varies depending on effort,2 monthly rents,,,,,,1,,,,,,,,,
50169,Kerpen,15909,"650 € per month, plus electricity, incl. heating","22,00 m2",1,120.00 kWh/m²a,D,3 Mon.,,,yes,immediately,Not limited,Varies depending on effort,2 Monthly rents,,,,,,2,,,,Consumption,30.09.2021,"120,00 kWh/(m²*a)",Gas,before 2014,
50968,Cologne,17363,"1.550 € per month, incl. electricity, incl. heating","58,00 m2",2,126.00 kWh/m²a,,3 Mon.,,,yes,immediately,Not limited,Varies depending on effort,2 Monthy rents,Consumption,30.09.2021,"126,00 kWh/(m²*a)",Oil,before 2014,5,,,,,,,,,
50670,Cologne,18316,"1.190 € per month, incl. electricity, incl. heating","30,00 m2",1,121.30 kWh/m²a,,3 Mon.,8,,n/a,immediately,Not limited,Varies depending on effort,2 Monthly rents,Consumption,01.08.2028,"121,30 kWh/(m²*a)",Long-distance Heating,as from may 2014,2,,,,,,,,,
45219,Essen,17111,"700 € per month, incl. electricity, incl. heating","55,00 m2",2,155.00 kWh/m²a,,3 Mon.,,1,yes,immediately,Not limited,,,Consumption,30.09.2021,"155,00 kWh/(m²*a)",Gas,before 2014,,,,,,,,,,
50672,Cologne,10429,"1.308 € per month (incl. VAT 5%), incl. electricity, incl. heating","36,00 m2",1,206.00 kWh/m²a,,3 Mon.,,2,n/a,immediately,Not limited,Varies depending on effort,2 Monthly rents,,,,,,3,,,,Consumption,30.09.2021,"206,00 kWh/(m²*a)",Gas,before 2014,
50679,Cologne,17150,"1.240 € per month (incl. VAT 5%), incl. electricity, incl. heating","43,00 m2",1,204.00 kWh/m²a,,2 Mon.,4,2,n/a,immediately,Not limited,Varies depending on effort,1-2 Monthly rents,,,,,,Ground floor,,,,Consumption,30.09.2021,"204,00 kWh/(m²*a)",Gas,before 2014,
50674,Cologne,14352,"3.186 € per month (incl. VAT 5%), incl. electricity, incl. heating","80,00 m2",3,220.00 kWh/m²a,,2 Mon.,5,,n/a,immediately,Not limited,Varies depending on effort,2 Monthly rents,,,,,,4,,,,Consumption,30.09.2021,"220,00 kWh/(m²*a)",Gas,before 2014,
53115,Bonn,14342,"1.150 € per month, plus electricity, incl. heating","50,00 m2",2,,,3 Mon.,,1,yes,immediately,Not limited,Varies depending on effort,2-3 Monthly rents,,,,,not required,,,,,,,,,,
50937,Cologne,14064,"1.500 € per month, plus electricity, incl. heating","64,00 m2",3,174.00 kWh/m²a,,4 Mon.,2,,n/a,immediately,Not limited,Varies depending on effort,1-2 Monthly rents,Consumption,30.09.2021,"174,00 kWh/(m²*a)",Gas,before 2014,1,,,,,,,,,
53225,Bonn,13766,"1.340 € per month, plus electricity, plus heating","85,00 m2",3,49.00 kWh/m²a,,3 Mon.,,,yes,02.01.2021,Not limited,Varies depending on effort,3 monthly rent,Demand,30.09.2021,,Gas,before 2014,Ground floor,"49,00 kWh/(m²*a)",,,,,,,,
50670,Cologne,17013,"1.399 € per month, incl. electricity, incl. heating","60,00 m2",2,112.50 kWh/m²a,D,3 Mon.,4,,n/a,immediately,Not limited,Varies depending on effort,,Consumption,14.06.2030,"112,50 kWh/(m²*a)",Gas,as from may 2014,,,,,,,,,,
51103,Cologne,17646,"1.200 € per month, incl. electricity, incl. heating","70,00 m2",3,87.00 kWh/m²a,,3 Mon.,,,n/a,16.01.2021,Not limited,Varies depending on effort,2 Monthly rents,Demand,30.09.2021,,Long-distance Heating,before 2014,1,"87,00 kWh/(m²*a)",,,,,,,,
50739,Cologne / Mauenheim,18550,"1.250 € per month, incl. electricity, incl. heating","40,00 m2",2,,,3 Mon.,,,n/a,immediately,Not limited,,2 Monthly rents,Consumption,15.07.2029,,Gas,as from may 2014,1,,,,,,,,,
50997,Cologne,11332,"660 € per month (incl. VAT 5%), incl. electricity, incl. heating","24,00 m2",1,16.00 kWh/m²a,,3 Mon.,,,n/a,immediately,Not limited,Varies depending on effort,2 Monthly rents,Demand,30.09.2021,,,before 2014,2,"16,00 kWh/(m²*a)",,,,,,,,
50674,Cologne,17143,"1.290 € per month, incl. electricity, incl. heating","41,00 m2",2,92.00 kWh/m²a,,3 Mon.,,,n/a,01.02.2021,Not limited,Varies depending on effort,2 Monthly rents,Demand,30.09.2021,,Gas,before 2014,3,"92,00 kWh/(m²*a)",,,,,,,,
50169,Kerpen,14136,"650 € per month, plus electricity, incl. heating","28,00 m2",1,220.00 kWh/m²a,G,3 Mon.,3,2,n/a,immediately,Not limited,Varies depending on effort,2 monthly rent,,,,,,Ground floor,,,,Consumption,30.09.2021,"220,00 kWh/(m²*a)",Gas,before 2014,
45127,Essen,15102,"800 € per month, plus electricity, incl. heating","50,00 m2",2,139.00 kWh/m²a,,3 Mon.,,4,n/a,25.10.2020,Not limited,Varies depending on effort,1-2 Monthly rents,Consumption,30.09.2021,"139,00 kWh/(m²*a)",Long-distance Heating,before 2014,1,,,,,,,,,
45127,Essen,15100,"800 € per month, plus electricity, incl. heating","50,00 m2",2,139.00 kWh/m²a,,3 Mon.,,4,n/a,25.10.2020,Not limited,Varies depending on effort,1-2 Monthly rents,Consumption,30.09.2021,"139,00 kWh/(m²*a)",Long-distance Heating,before 2014,1,,,,,,,,,
50672,Cologne,13226,"1.518 € per month (incl. VAT 5%), incl. electricity, incl. heating","36,00 m2",1,206.00 kWh/m²a,,2 Mon.,,,n/a,13.03.2021,Not limited,Varies depending on effort,2 Monthly rents,,,,,,2,,,,Consumption,30.09.2021,"206,00 kWh/(m²*a)",Gas,before 2014,
50672,Cologne,12644,"1.485 € per month (incl. VAT 5%), incl. electricity, incl. heating","34,00 m2",1,206.00 kWh/m²a,,2 Mon.,,,n/a,immediately,Not limited,Varies depending on effort,2 Monthly rents,,,,,,3,,,,Consumption,30.09.2021,"206,00 kWh/(m²*a)",Gas,before 2014,
50672,Cologne,12112,"1.308 € per month (incl. VAT 5%), incl. electricity, incl. heating","36,00 m2",1,206.00 kWh/m²a,,2 Mon.,,,n/a,immediately,Not limited,Varies depending on effort,2 Monthly rents,,,,,,2,,,,Consumption,30.09.2021,"206,00 kWh/(m²*a)",Gas,before 2014,
50672,Cologne,11207,"1.485 € per month (incl. VAT 5%), incl. electricity, incl. heating","40,00 m2",1,206.00 kWh/m²a,,2 Monate Mon.,,2,n/a,immediately,Not limited,Varies depending on effort,2 Monthly rents,,,,,,4,,,,Consumption,30.09.2021,"206,00 kWh/(m²*a)",Gas,before 2014,
50672,Cologne,11206,"1.390 € per month (incl. VAT 5%), incl. electricity, incl. heating","36,00 m2",1,206.00 kWh/m²a,,2 Mon.,,2,n/a,immediately,Not limited,Varies depending on effort,2 Monthly rents,,,,,,3,,,,Consumption,30.09.2021,"206,00 kWh/(m²*a)",Gas,before 2014,
53343,Wachtberg,17399,"2.800 € per month, incl. electricity, incl. heating","100,00 m2",3,83.00 kWh/m²a,C,3 Mon.,2,5,yes,immediately,Not limited,Varies depending on effort,1 Monthly rents,Consumption,30.09.2021,"83,00 kWh/(m²*a)",Gas,before 2014,Ground floor,,,,,,,,,
50678,Cologne,17294,"1.000 € per month, incl. electricity, incl. heating","39,00 m2",2,93.00 kWh/m²a,C,3 Mon.,4,1,n/a,immediately,31.12.2020,Varies depending on effort,1-2 Monthy rents,Consumption,30.09.2021,"93,00 kWh/(m²*a)",Gas,before 2014,,,,,,,,,,
50672,Cologne,17762,"2.645 € per month, incl. electricity, plus heating","80,00 m2",3,194.00 kWh/m²a,,3 Monate Mon.,5,2,n/a,immediately,Not limited,Varies depending on effort,1-2 Monthly rents,Consumption,30.09.2021,"194,00 kWh/(m²*a)",Gas,before 2014,4,,,,,,,,,
50676,Cologne,18638,"1.090 € per month, incl. electricity, incl. heating","35,00 m2",1,,,3 Mon.,,2,yes,01.01.2021,Not limited,Varies depending on effort,2 Monthly rents,Consumption,30.09.2021,,Gas,before 2014,4,,,,,,,,,
50939,Cologne,15108,"510 € per month, plus electricity, incl. heating","20,00 m2",1,257.00 kWh/m²a,,6 Mon.,,,n/a,immediately,Not limited,Varies depending on effort,1-2 Monthly rents,Consumption,30.09.2021,"257,00 kWh/(m²*a)",Gas,before 2014,,,,,,,,,,
50670,Cologne,17382,"2.500 € per month, incl. electricity, incl. heating","95,00 m2",3,129.00 kWh/m²a,,3 Mon.,,2,yes,15.12.2020,Not limited,Varies depending on effort,2 Monthy rents,Consumption,30.09.2021,"129,00 kWh/(m²*a)",Gas,before 2014,4,,,,,,,,,
50678,Cologne,13466,"1.100 € per month, plus electricity, incl. heating","61,00 m2",1,110.00 kWh/m²a,,3 Mon.,2,,yes,23.12.2020,Not limited,Varies depending on effort,2 monthly rent,Consumption,30.09.2021,"110,00 kWh/(m²*a)",Gas,before 2014,Ground floor,,,,,,,,,
50667,Cologne,18212,"1.600 € per month, plus electricity, incl. heating","55,00 m2",2,,,3 Mon.,5,1,n/a,immediately,Not limited,Varies depending on effort,2 monthly rent,,,,,,3,,,,,,,,not required,
51503,Rösrath,14073,"1.873 € per month (incl. VAT 5%), incl. electricity, incl. heating","70,00 m2",3,127.00 kWh/m²a,D,3 Mon.,,4,n/a,immediately,Not limited,Varies depending on effort,2 Monthly rents,,,,,,1,,,,Consumption,30.09.2021,"127,00 kWh/(m²*a)",Oil,before 2014,
45130,Essen,18647,"730 € per month, incl. electricity, incl. heating","35,00 m2",1,143.28 kWh/m²a,E,3 Mon.,4,2,n/a,immediately,Not limited,Varies depending on effort,2 Monthly rents,,,,,,3,,,,Consumption,25.09.2029,"143,28 kWh/(m²*a)",Gas,as from may 2014,
44135,Dortmund,16031,"945 € per month, plus electricity, incl. heating","70,00 m2",2,156.00 kWh/m²a,,3 Mon.,,,n/a,immediately,Not limited,Varies depending on effort,monthly rent 2,Consumption,30.09.2021,"156,00 kWh/(m²*a)",Gas,before 2014,,,,,,,,,,
50670,Cologne,10441,"1.280 € per month (incl. VAT 5%), incl. electricity, incl. heating","40,00 m2",1,206.00 kWh/m²a,,2 Mon.,,,n/a,immediately,Not limited,Varies depending on effort,2 monthly rents,,,,,,4,,,,Consumption,30.09.2021,"206,00 kWh/(m²*a)",Gas,before 2014,
50679,Cologne,17148,"1.228 € per month (incl. VAT 5%), incl. electricity, incl. heating","25,00 m2",1,204.00 kWh/m²a,,2 Mon.,3,2,n/a,immediately,Not limited,Varies depending on effort,1-2 Monthy rents,,,,,,Ground floor,,,,Consumption,30.09.2021,"204,00 kWh/(m²*a)",Gas,before 2014,
50672,Cologne,13196,"1.470 € per month (incl. VAT 5%), incl. electricity, incl. heating","36,00 m2",1,206.00 kWh/m²a,,2 Mon.,,,n/a,immediately,Not limited,Varies depending on effort,2 Monthly rents,,,,,,2,,,,Consumption,30.09.2021,"206,00 kWh/(m²*a)",Gas,before 2014,
50676,Cologne,12832,"1.390 € per month (incl. VAT 5%), incl. electricity, incl. heating","42,00 m2",2,105.00 kWh/m²a,,2 Mon.,,1,n/a,immediately,Not limited,Varies depending on effort,1-2 Monthly rents,,,,,,3,,,,Consumption,30.09.2021,"105,00 kWh/(m²*a)",Gas,before 2014,
50672,Cologne,10433,"1.285 € per month (incl. VAT 5%), incl. electricity, incl. heating","40,00 m2",1,206.00 kWh/m²a,,2 Monate Mon.,,,n/a,immediately,Not limited,Varies depending on effort,2 Monthly rents,,,,,,2,,,,Consumption,30.09.2021,"206,00 kWh/(m²*a)",Gas,before 2014,
50670,Cologne,14361,"1.280 € per month (incl. VAT 5%), incl. electricity, incl. heating","42,00 m2",1,206.00 kWh/m²a,,2 Mon.,,,n/a,immediately,Not limited,Varies depending on effort,1-2 Monthly rents,Consumption,30.09.2021,"206,00 kWh/(m²*a)",Gas,before 2014,2,,,,,,,,,
50670,Cologne / Neustadt-Nord,18635,"1.250 € per month, incl. electricity, incl. heating","30,00 m2",1,116.40 kWh/m²a,C,3 Mon.,6,,n/a,immediately,Not limited,Varies depending on effort,2 Monthly rents,Consumption,07.01.2029,"116,40 kWh/(m²*a)",Long-distance Heating,as from may 2014,2,,,,,,,,,
50354,Hürth,18630,"980 € per month, incl. electricity, incl. heating","25,00 m2",2,,G,3 Mon.,,,n/a,12.12.2020,Not limited,Varies depending on effort,2 Monthly rents,Consumption,29.10.2029,,Gas,as from may 2014,1,,,,,,,,,
50999,Cologne,10959,"1.650 € per month, plus electricity, incl. heating","83,00 m2",2,241.00 kWh/m²a,,3 Mon.,,3,yes,immediately,Not limited,Varies depending on effort,1-2 Monthly rents,Demand,30.09.2021,,Oil,before 2014,Ground floor,"241,00 kWh/(m²*a)",,,,,,,,
50670,Cologne,99006,"1.990 € per month, incl. electricity, incl. heating","70,00 m2",2,164.00 kWh/m²a,F,3 Mon.,4,,n/a,11.11.2020,Not limited,,2 Monthly rents,,,,,,1,,,,Consumption,30.09.2021,"164,00 kWh/(m²*a)",Gas,before 2014,
50670,Cologne,99004,"1.580 € per month, incl. electricity, incl. heating","56,00 m2",2,100.00 kWh/m²a,,3 Mon.,,1,yes,02.02.2021,Not limited,Varies depending on effort,2 Monthly rents,Consumption,30.09.2021,"100,00 kWh/(m²*a)",Gas,before 2014,3,,,,,,,,,
53225,Bonn,99002,"1.500 € per month, incl. electricity, incl. heating","42,00 m2",1,12.80 kWh/m²a,A+,3 Mon.,4,,n/a,14.09.2021,Not limited,Varies depending on effort,1 Monthy rent,Demand,30.09.2021,,,before 2014,,"12,80 kWh/(m²*a)",,,,,,,,
50672,Cologne,99001,"2.645 € per month, incl. electricity, plus heating","80,00 m2",3,194.00 kWh/m²a,,3 Monate Mon.,5,2,yes,immediately,Not limited,Varies depending on effort,1-2 Monthly rents,,,,,,4,,,,Consumption,30.09.2021,"194,00 kWh/(m²*a)",Gas,before 2014,
50823,Cologne,10455,"1.360 € per month (incl. VAT 5%), incl. electricity, incl. heating","32,00 m2",1,203.00 kWh/m²a,,2 Mon.,5,2,n/a,immediately,Not limited,Varies depending on effort,1-2 Monthly rents,Consumption,30.09.2021,"203,00 kWh/(m²*a)",Gas,before 2014,Ground floor,,,,,,,,,
50676,Cologne,13502,"1.340 € per month (incl. VAT 5%), incl. electricity, incl. heating","32,00 m2",1,95.00 kWh/m²a,,2 Monate Mon.,4,2,n/a,immediately,Not limited,Varies depending on effort,2 Monthly rents,,,,,,,,,,Consumption,30.09.2021,"95,00 kWh/(m²*a)",Gas,before 2014,
50668,Cologne,17071,"1.518 € per month (incl. VAT 5%), incl. electricity, incl. heating","40,00 m2",1,203.00 kWh/m²a,,2 Mon.,,2,n/a,15.03.2021,Not limited,Varies depending on effort,2 Monthy rents,,,,,,4,,,,Consumption,30.09.2021,"203,00 kWh/(m²*a)",Gas,before 2014,
50676,Cologne,12387,"1.427 € per month (incl. VAT 5%), incl. electricity, incl. heating","48,00 m2",2,98.00 kWh/m²a,,2 Mon.,,,n/a,immediately,Not limited,Varies depending on effort,2 monthly rents,Consumption,30.09.2021,"98,00 kWh/(m²*a)",Gas,before 2014,3,,,,,,,,,
50823,Cologne,18496,"4.000 € per month, incl. electricity, incl. heating","95,00 m2",3,,,3 Mon.,5,4,yes,immediately,Not limited,Varies depending on effort,1-2 monthly rents,Demand,20.02.2025,,Long-distance Heating,as from may 2014,Ground floor,,,,,,,,,
45130,Essen,18491,"1.900 € per month, incl. electricity, incl. heating","75,00 m2",3,224.00 kWh/m²a,G,3 Mon.,,4,yes,15.12.2020,Not limited,Varies depending on effort,1 monthly rent,Consumption,30.09.2021,"224,00 kWh/(m²*a)",Long-distance Heating,before 2014,2,,,,,,,,,
45699,Herten,15804,"2.200 € per month, plus electricity, plus heating","124,00 m2",4,148.00 kWh/m²a,,3 Mon.,2,6,n/a,immediately,Not limited,Varies depending on effort,2 Monthly rents,Consumption,30.09.2021,"148,00 kWh/(m²*a)",Gas,before 2014,,,,,,,,,,
45699,Herten,15605,"1.500 € per month, plus electricity, plus heating","89,00 m2",3,148.00 kWh/m²a,,3 Mon.,,6,n/a,immediately,Not limited,Varies depending on effort,1 monthly rent,Consumption,30.09.2021,"148,00 kWh/(m²*a)",Gas,before 2014,2,,,,,,,,,
45699,Herten,16180,"995 € per month, plus electricity, plus heating","68,00 m2",2,148.00 kWh/m²a,,3 Mon.,3,,n/a,immediately,Not limited,Varies depending on effort,1 monthly rent,Consumption,30.09.2021,"148,00 kWh/(m²*a)",Gas,before 2014,1,,,,,,,,,
45699,Herten,15604,"1.150 € per month, plus electricity, plus heating","64,00 m2",3,149.00 kWh/m²a,,3 Mon.,,,n/a,immediately,Not limited,Varies depending on effort,2 Monthly rents,Consumption,30.09.2021,"149,00 kWh/(m²*a)",Oil,before 2014,2,,,,,,,,,
53842,Troisdorf,11245,"1.500 € per month, incl. electricity, incl. heating","65,00 m2",2,,,3 Mon.,,4,n/a,immediately,Not limited,Varies depending on effort,1-2 Monthly rents,,30.09.2021,,,before 2014,,,,,,,,,,
45127,Essen,16641,"650 € per month (incl. VAT 5%), plus electricity, incl. heating","30,00 m2",1,174.00 kWh/m²a,,3 Mon.,5,,n/a,immediately,Not limited,Varies depending on effort,1-2 Monthly rents,Consumption,30.09.2021,"174,00 kWh/(m²*a)",Gas,before 2014,4,,,,,,,,,
50672,Cologne,16904,"1.470 € per month (incl. VAT 5%), incl. electricity, incl. heating","34,00 m2",1,206.00 kWh/m²a,,2 Mon.,5,2,n/a,immediately,Not limited,Varies depending on effort,2 Monthly rents,Consumption,30.09.2021,"206,00 kWh/(m²*a)",Gas,before 2014,,,,,,,,,,
50674,Cologne,16807,"3.186 € per month (incl. VAT 5%), plus electricity, incl. heating","78,00 m2",3,220.00 kWh/m²a,,3 Mon.,5,4,n/a,immediately,Not limited,Varies depending on effort,2 Monthly rents,,,,,,,,,,Consumption,30.09.2021,"220,00 kWh/(m²*a)",Gas,before 2014,
50678,Cologne,14513,"1.932 € per month (incl. VAT 5%), incl. electricity, incl. heating","38,00 m2",1,95.00 kWh/m²a,,2 Mon.,,,n/a,immediately,Not limited,Varies depending on effort,2 Monthly rents,,,,,,4,,,,Consumption,30.09.2021,"95,00 kWh/(m²*a)",Gas,before 2014,
50678,Cologne,14225,"1.280 € per month (incl. VAT 5%), incl. electricity, incl. heating","32,00 m2",1,95.00 kWh/m²a,,2 Mon.,4,,n/a,immediately,Not limited,Varies depending on effort,2 Monthly rents,Consumption,30.09.2021,"95,00 kWh/(m²*a)",Gas,before 2014,2,,,,,,,,,
50672,Cologne,13737,"1.390 € per month (incl. VAT 5%), incl. electricity, incl. heating","36,00 m2",1,206.00 kWh/m²a,,2 Mon.,5,2,n/a,08.10.2020,Not limited,Varies depending on effort,2 Monthly rents,Consumption,30.09.2021,"206,00 kWh/(m²*a)",Gas,before 2014,4,,,,,,,,,
50823,Cologne,13467,"1.280 € per month (incl. VAT 5%), incl. electricity, incl. heating","35,00 m2",1,203.00 kWh/m²a,,2 Mon.,3,,n/a,immediately,Not limited,Varies depending on effort,2 Monthly rents,,,,,,,,,,Consumption,30.09.2021,"203,00 kWh/(m²*a)",Gas,before 2014,
50823,Cologne,13402,"1.280 € per month (incl. VAT 5%), incl. electricity, incl. heating","35,00 m2",1,203.00 kWh/m²a,,2 Mon.,3,2,n/a,immediately,Not limited,Varies depending on effort,2 Monthly rents,,,,,,,,,,Consumption,30.09.2021,"203,00 kWh/(m²*a)",Gas,before 2014,
50672,Cologne,12610,"1.407 € per month (incl. VAT 5%), incl. electricity, plus heating","36,00 m2",1,206.00 kWh/m²a,,2 Mon.,,2,n/a,immediately,Not limited,Varies depending on effort,2 Monthly rents,,,,,,4,,,,Consumption,30.09.2021,"206,00 kWh/(m²*a)",Gas,before 2014,
50674,Cologne,12113,"1.452 € per month (incl. VAT 5%), incl. electricity, plus heating","40,00 m2",1,220.00 kWh/m²a,,2 Mon.,5,2,n/a,11.11.2020,Not limited,Varies depending on effort,2 Monthly rents,,,,,,3,,,,Consumption,30.09.2021,"220,00 kWh/(m²*a)",Gas,before 2014,
50672,Cologne,12033,"1.308 € per month (incl. VAT 5%), incl. electricity, incl. heating","36,00 m2",1,206.00 kWh/m²a,,2 Monate Mon.,,2,n/a,immediately,Not limited,Varies depending on effort,2 Monthly rents,,,,,,,,,,Consumption,30.09.2021,"206,00 kWh/(m²*a)",Gas,before 2014,
50672,Cologne,11505,"1.287 € per month (incl. VAT 5%), incl. electricity, incl. heating","36,00 m2",1,206.00 kWh/m²a,,2 Mon.,,2,n/a,immediately,Not limited,Varies depending on effort,2 Monthly rents,,,,,,5,,,,Consumption,30.09.2021,"206,00 kWh/(m²*a)",Gas,before 2014,
50672,Cologne,11204,"2.064 € per month (incl. VAT 5%), incl. electricity, incl. heating","40,00 m2",1,207.00 kWh/m²a,,2 Mon.,,2,n/a,immediately,Not limited,Varies depending on effort,2 Monthly rents,,,,,,4,,,,Consumption,30.09.2021,"207,00 kWh/(m²*a)",Long-distance Heating,before 2014,
50667,Cologne,10445,"980 € per month (incl. VAT 5%), incl. electricity, incl. heating","26,00 m2",1,202.00 kWh/m²a,,2 Mon.,,,n/a,immediately,Not limited,Varies depending on effort,2 MM,Consumption,30.09.2021,"202,00 kWh/(m²*a)",Long-distance Heating,before 2014,2,,,,,,,,,
50672,Cologne,10431,"1.470 € per month (incl. VAT 5%), incl. electricity, incl. heating","36,00 m2",1,206.00 kWh/m²a,,2 Mon.,,2,n/a,immediately,Not limited,Varies depending on effort,2 Monthly rents,,,,,,4,,,,Consumption,30.09.2021,"206,00 kWh/(m²*a)",Gas,before 2014,
50672,Cologne,10425,"1.308 € per month (incl. VAT 5%), incl. electricity, incl. heating","36,00 m2",1,206.00 kWh/m²a,,2 Mon.,,,n/a,immediately,Not limited,Varies depending on effort,2 Monthly rents,,,,,,2,,,,Consumption,30.09.2021,"206,00 kWh/(m²*a)",Gas,before 2014,
50672,Cologne,10423,"1.308 € per month (incl. VAT 5%), incl. electricity, incl. heating","36,00 m2",1,206.00 kWh/m²a,,2 Mon.,,,n/a,immediately,Not limited,Varies depending on effort,2 monthly rents,Consumption,30.09.2021,"206,00 kWh/(m²*a)",Gas,before 2014,,,,,,,,,,
50672,Cologne,10411,"980 € per month (incl. VAT 5%), incl. electricity, incl. heating","26,00 m2",1,207.00 kWh/m²a,,2 Mon.,,,yes,immediately,Not limited,Varies depending on effort,2 Monthly rents,,,,,,2,,,,Consumption,30.09.2021,"207,00 kWh/(m²*a)",Long-distance Heating,before 2014,
50674,Cologne,10002,"1.140 € per month (incl. VAT 5%), incl. electricity, incl. heating","30,00 m2",1,220.00 kWh/m²a,,3 Mon.,5,2,n/a,immediately,Not limited,Varies depending on effort,2 Monthly rents,Consumption,30.09.2021,"220,00 kWh/(m²*a)",Gas,before 2014,,,,,,,,,,
50733,Cologne,10183,"1.590 € per month, incl. electricity, incl. heating","75,00 m2",2,206.00 kWh/m²a,,3 Mon.,,,yes,01.12.2020,Not limited,Varies depending on effort,1-2 Monthly rents,Consumption,30.09.2021,"206,00 kWh/(m²*a)",Gas,before 2014,Ground floor,,,,,,,,,
50676,Cologne,14650,"2.650 € per month (incl. VAT 5%), incl. electricity, incl. heating","70,00 m2",3,181.00 kWh/m²a,,2 Mon.,,,n/a,immediately,Not limited,Varies depending on effort,1-2 Monthly rents,Consumption,30.09.2021,"181,00 kWh/(m²*a)",Gas,before 2014,,,,,,,,,,
50678,Cologne,14529,"1.440 € per month (incl. VAT 5%), incl. electricity, incl. heating","32,00 m2",1,95.00 kWh/m²a,,2 Mon.,4,,n/a,immediately,Not limited,Varies depending on effort,2 Monthly rents,,,,,,2,,,,Consumption,30.09.2021,"95,00 kWh/(m²*a)",Gas,before 2014,
50676,Cologne,14545,"1.290 € per month (incl. VAT 5%), incl. electricity, incl. heating","30,00 m2",1,95.00 kWh/m²a,,2 Mon.,4,,n/a,immediately,Not limited,Varies depending on effort,Monthly rents,,,,,,2,,,,Consumption,30.09.2021,"95,00 kWh/(m²*a)",Gas,before 2014,
45699,Herten,15607,"995 € per month, plus electricity, plus heating","68,00 m2",2,148.00 kWh/m²a,,3 Mon.,,4,n/a,immediately,Not limited,Varies depending on effort,1 Monthly rents,Consumption,30.09.2021,"148,00 kWh/(m²*a)",Gas,before 2014,3,,,,,,,,,
45329,Essen,15787,"770 € per month, plus electricity, incl. heating","55,00 m2",2,121.00 kWh/m²a,,3 Mon.,,1,n/a,immediately,Not limited,Varies depending on effort,2 Monthly rents,Consumption,30.09.2021,"121,00 kWh/(m²*a)",Gas,before 2014,,,,,,,,,,
